:START_ID(Customer),:END_ID(Order),:TYPE
XO649,1,PLACED
PC764,2,PLACED
CA470,3,PLACED
BI759,4,PLACED
CS287,5,PLACED
EM821,6,PLACED
RV310,7,PLACED
GC890,8,PLACED
PS740,9,PLACED
FJ947,10,PLACED
EI532,11,PLACED
FJ947,12,PLACED
XO649,13,PLACED
AU710,14,PLACED
MZ379,15,PLACED
ZO854,16,PLACED
XN875,17,PLACED
WQ849,18,PLACED
TB616,19,PLACED
II746,20,PLACED
EK253,21,PLACED
ZH741,22,PLACED
GL926,23,PLACED
GA851,24,PLACED
CA470,25,PLACED
XW046,26,PLACED
PE529,27,PLACED
RY548,28,PLACED
ZG109,29,PLACED
BW289,30,PLACED
BI759,31,PLACED
TE207,32,PLACED
OA831,33,PLACED
US056,34,PLACED
CS287,35,PLACED
EA575,36,PLACED
OA831,37,PLACED
EU335,38,PLACED
FJ947,39,PLACED
LU518,40,PLACED
AD089,41,PLACED
QL573,42,PLACED
XO649,43,PLACED
WY218,44,PLACED
US056,45,PLACED
VC531,46,PLACED
DH200,47,PLACED
WQ849,48,PLACED
LU518,49,PLACED
XO649,50,PLACED
KM929,51,PLACED
LB704,52,PLACED
CS287,53,PLACED
GC890,54,PLACED
QI779,55,PLACED
CZ861,56,PLACED
GC890,57,PLACED
AY876,58,PLACED
WY218,59,PLACED
AW347,60,PLACED
GC890,61,PLACED
EK253,62,PLACED
GR729,63,PLACED
QT258,64,PLACED
ME428,65,PLACED
IP471,66,PLACED
RY548,67,PLACED
GL926,68,PLACED
BF338,69,PLACED
WW556,70,PLACED
VC531,71,PLACED
HD242,72,PLACED
LB704,73,PLACED
QU287,74,PLACED
RV310,75,PLACED
ZF061,76,PLACED
BI759,77,PLACED
ZO854,78,PLACED
WB209,79,PLACED
XA254,80,PLACED
EI532,81,PLACED
QU287,82,PLACED
XN875,83,PLACED
RY572,84,PLACED
TE207,85,PLACED
MG296,86,PLACED
DX151,87,PLACED
TO444,88,PLACED
WQ849,89,PLACED
BI759,90,PLACED
LU518,91,PLACED
TE207,92,PLACED
ZF801,93,PLACED
DX151,94,PLACED
ZU351,95,PLACED
RV310,96,PLACED
UY980,97,PLACED
PL616,98,PLACED
XN875,99,PLACED
MA264,100,PLACED
MA264,101,PLACED
MJ814,102,PLACED
BP732,103,PLACED
HD242,104,PLACED
XA254,105,PLACED
IP471,106,PLACED
JT617,107,PLACED
XO649,108,PLACED
NQ176,109,PLACED
RG743,110,PLACED
CS287,111,PLACED
PS740,112,PLACED
ZO854,113,PLACED
BP732,114,PLACED
PS740,115,PLACED
BI759,116,PLACED
EK253,117,PLACED
DH200,118,PLACED
MA264,119,PLACED
YZ898,120,PLACED
ZH741,121,PLACED
XO649,122,PLACED
QL573,123,PLACED
PE529,124,PLACED
AU710,125,PLACED
VX147,126,PLACED
TO444,127,PLACED
QL573,128,PLACED
GR625,129,PLACED
ZU351,130,PLACED
CZ861,131,PLACED
VX147,132,PLACED
VQ233,133,PLACED
CC657,134,PLACED
PC764,135,PLACED
TW751,136,PLACED
DV182,137,PLACED
EB652,138,PLACED
CZ861,139,PLACED
XO649,140,PLACED
NU012,141,PLACED
MA264,142,PLACED
EA575,143,PLACED
EM821,144,PLACED
EU335,145,PLACED
FB488,146,PLACED
GL926,147,PLACED
PJ659,148,PLACED
VC531,149,PLACED
OA831,150,PLACED
AY876,151,PLACED
IK721,152,PLACED
GL926,153,PLACED
CS287,154,PLACED
XO649,155,PLACED
IP471,156,PLACED
EI532,157,PLACED
XN875,158,PLACED
EM821,159,PLACED
CZ861,160,PLACED
KM929,161,PLACED
GR625,162,PLACED
XO649,163,PLACED
ZV584,164,PLACED
ZF801,165,PLACED
MR129,166,PLACED
ME428,167,PLACED
KS630,168,PLACED
EK253,169,PLACED
NU012,170,PLACED
VC531,171,PLACED
CM245,172,PLACED
AY876,173,PLACED
XO649,174,PLACED
EU335,175,PLACED
GR729,176,PLACED
CC657,177,PLACED
QT258,178,PLACED
XA254,179,PLACED
DW607,180,PLACED
MR129,181,PLACED
QT258,182,PLACED
YZ898,183,PLACED
VZ702,184,PLACED
LU518,185,PLACED
VX147,186,PLACED
RV310,187,PLACED
RG743,188,PLACED
WW556,189,PLACED
CC657,190,PLACED
CA470,191,PLACED
GJ116,192,PLACED
VZ702,193,PLACED
OA831,194,PLACED
NQ176,195,PLACED
TO444,196,PLACED
YR398,197,PLACED
BI759,198,PLACED
PV664,199,PLACED
WB209,200,PLACED
MA264,201,PLACED
QU287,202,PLACED
GJ116,203,PLACED
QU287,204,PLACED
CS287,205,PLACED
GC890,206,PLACED
GJ116,207,PLACED
ZF801,208,PLACED
OA831,209,PLACED
WB209,210,PLACED
FJ947,211,PLACED
AW347,212,PLACED
GL926,213,PLACED
PV664,214,PLACED
GC846,215,PLACED
ZU351,216,PLACED
MZ379,217,PLACED
ZV584,218,PLACED
DX151,219,PLACED
ZF061,220,PLACED
PL616,221,PLACED
KM929,222,PLACED
BF338,223,PLACED
TB616,224,PLACED
CS287,225,PLACED
CA470,226,PLACED
WQ849,227,PLACED
WW556,228,PLACED
DW607,229,PLACED
BP732,230,PLACED
NQ176,231,PLACED
WN094,232,PLACED
QL573,233,PLACED
WY218,234,PLACED
CZ861,235,PLACED
OA831,236,PLACED
ZG109,237,PLACED
CC657,238,PLACED
CA470,239,PLACED
NQ176,240,PLACED
UY980,241,PLACED
UY980,242,PLACED
FC418,243,PLACED
ZG109,244,PLACED
BF338,245,PLACED
GR625,246,PLACED
MG296,247,PLACED
FB488,248,PLACED
UY980,249,PLACED
GC846,250,PLACED
II746,251,PLACED
MZ379,252,PLACED
VZ702,253,PLACED
EI532,254,PLACED
LU518,255,PLACED
XA075,256,PLACED
WY218,257,PLACED
MR129,258,PLACED
AU710,259,PLACED
DH200,260,PLACED
GA851,261,PLACED
WW556,262,PLACED
AU710,263,PLACED
ZO854,264,PLACED
EU335,265,PLACED
GC846,266,PLACED
RG743,267,PLACED
GC890,268,PLACED
VC531,269,PLACED
QL573,270,PLACED
EA575,271,PLACED
WQ849,272,PLACED
MJ814,273,PLACED
XW046,274,PLACED
OA831,275,PLACED
XA075,276,PLACED
FA862,277,PLACED
FA862,278,PLACED
KM929,279,PLACED
TW751,280,PLACED
BP732,281,PLACED
PS740,282,PLACED
DX151,283,PLACED
XO649,284,PLACED
AK874,285,PLACED
CS287,286,PLACED
KS630,287,PLACED
QU287,288,PLACED
ZO854,289,PLACED
FB488,290,PLACED
WN094,291,PLACED
VX147,292,PLACED
WB890,293,PLACED
RY548,294,PLACED
CS287,295,PLACED
FN522,296,PLACED
UY980,297,PLACED
EK253,298,PLACED
WY218,299,PLACED
ZV584,300,PLACED
JT617,301,PLACED
GC846,302,PLACED
PJ659,303,PLACED
WQ849,304,PLACED
FN522,305,PLACED
TW751,306,PLACED
GJ116,307,PLACED
NU012,308,PLACED
ZU351,309,PLACED
PC764,310,PLACED
CC657,311,PLACED
PE529,312,PLACED
DX151,313,PLACED
NQ176,314,PLACED
GL926,315,PLACED
NQ176,316,PLACED
CS287,317,PLACED
HD242,318,PLACED
MJ814,319,PLACED
CZ861,320,PLACED
ME428,321,PLACED
VZ702,322,PLACED
ZF801,323,PLACED
ME428,324,PLACED
XA254,325,PLACED
IP471,326,PLACED
GC890,327,PLACED
NU012,328,PLACED
EU335,329,PLACED
PC764,330,PLACED
IP471,331,PLACED
XN875,332,PLACED
EI532,333,PLACED
DW607,334,PLACED
FA862,335,PLACED
PL616,336,PLACED
EB652,337,PLACED
YR398,338,PLACED
WY218,339,PLACED
KS630,340,PLACED
XW046,341,PLACED
US056,342,PLACED
VZ702,343,PLACED
XA254,344,PLACED
AU710,345,PLACED
II746,346,PLACED
AU710,347,PLACED
CA470,348,PLACED
LU518,349,PLACED
DV182,350,PLACED
QL573,351,PLACED
FB488,352,PLACED
BN418,353,PLACED
AW347,354,PLACED
RG743,355,PLACED
PC764,356,PLACED
FB488,357,PLACED
VC531,358,PLACED
VQ233,359,PLACED
GC846,360,PLACED
MZ379,361,PLACED
FJ947,362,PLACED
PS740,363,PLACED
AD089,364,PLACED
QJ392,365,PLACED
ZV584,366,PLACED
WB209,367,PLACED
QI779,368,PLACED
ZF061,369,PLACED
NU012,370,PLACED
ME428,371,PLACED
IP471,372,PLACED
KS630,373,PLACED
FA862,374,PLACED
WQ849,375,PLACED
PV664,376,PLACED
NU711,377,PLACED
BF338,378,PLACED
EA575,379,PLACED
LU518,380,PLACED
BF338,381,PLACED
ZO854,382,PLACED
FN522,383,PLACED
NQ176,384,PLACED
DH200,385,PLACED
LB704,386,PLACED
EA575,387,PLACED
TE207,388,PLACED
VX147,389,PLACED
XW046,390,PLACED
IP471,391,PLACED
KS630,392,PLACED
FB488,393,PLACED
EA575,394,PLACED
AY876,395,PLACED
FA862,396,PLACED
MR129,397,PLACED
XA075,398,PLACED
CS287,399,PLACED
QT258,400,PLACED
AW347,401,PLACED
GR729,402,PLACED
GR729,403,PLACED
EM821,404,PLACED
ME428,405,PLACED
ZF801,406,PLACED
DV182,407,PLACED
XA075,408,PLACED
LB704,409,PLACED
JT617,410,PLACED
BI759,411,PLACED
GR625,412,PLACED
GR729,413,PLACED
PE529,414,PLACED
FB488,415,PLACED
ZV584,416,PLACED
RY548,417,PLACED
CA470,418,PLACED
ZV584,419,PLACED
VQ233,420,PLACED
GC890,421,PLACED
RY548,422,PLACED
RY572,423,PLACED
EM821,424,PLACED
US056,425,PLACED
UY980,426,PLACED
GL926,427,PLACED
ZF801,428,PLACED
US056,429,PLACED
DX151,430,PLACED
PV664,431,PLACED
EA575,432,PLACED
EB652,433,PLACED
MJ814,434,PLACED
WB890,435,PLACED
GR625,436,PLACED
NU711,437,PLACED
ZO854,438,PLACED
ZF061,439,PLACED
MJ814,440,PLACED
MJ814,441,PLACED
TB616,442,PLACED
TO444,443,PLACED
ZO854,444,PLACED
LB704,445,PLACED
NQ176,446,PLACED
CA470,447,PLACED
PS740,448,PLACED
BN418,449,PLACED
FJ947,450,PLACED
WW556,451,PLACED
TE207,452,PLACED
OA831,453,PLACED
US056,454,PLACED
GA851,455,PLACED
ZF801,456,PLACED
BP732,457,PLACED
WB209,458,PLACED
WB890,459,PLACED
FA862,460,PLACED
US056,461,PLACED
EB652,462,PLACED
CZ861,463,PLACED
MJ814,464,PLACED
TW751,465,PLACED
BI759,466,PLACED
ZF801,467,PLACED
MA264,468,PLACED
EK253,469,PLACED
XO649,470,PLACED
WN094,471,PLACED
GC846,472,PLACED
DV182,473,PLACED
CM245,474,PLACED
RY548,475,PLACED
WY218,476,PLACED
XW046,477,PLACED
AD089,478,PLACED
ZV584,479,PLACED
QT258,480,PLACED
NQ176,481,PLACED
ZV584,482,PLACED
AK874,483,PLACED
NQ176,484,PLACED
ZF801,485,PLACED
MR129,486,PLACED
WQ849,487,PLACED
AK874,488,PLACED
MZ379,489,PLACED
NU012,490,PLACED
US056,491,PLACED
EM821,492,PLACED
WB209,493,PLACED
RY572,494,PLACED
MA264,495,PLACED
AY876,496,PLACED
HD242,497,PLACED
MG296,498,PLACED
GJ116,499,PLACED
XA254,500,PLACED
LU518,501,PLACED
BI759,502,PLACED
WW556,503,PLACED
FB488,504,PLACED
FC418,505,PLACED
AK874,506,PLACED
FA862,507,PLACED
GR625,508,PLACED
RV310,509,PLACED
MJ814,510,PLACED
ZU351,511,PLACED
HD242,512,PLACED
LB704,513,PLACED
EK253,514,PLACED
ZG109,515,PLACED
AU710,516,PLACED
CA470,517,PLACED
ZF801,518,PLACED
EA575,519,PLACED
QJ392,520,PLACED
MJ814,521,PLACED
RY572,522,PLACED
GC890,523,PLACED
RV310,524,PLACED
DW607,525,PLACED
NU012,526,PLACED
CS287,527,PLACED
YZ898,528,PLACED
EB652,529,PLACED
GJ116,530,PLACED
GL926,531,PLACED
BW289,532,PLACED
LB704,533,PLACED
ZF061,534,PLACED
EA575,535,PLACED
AK874,536,PLACED
MA264,537,PLACED
PJ659,538,PLACED
QL573,539,PLACED
PL616,540,PLACED
DH200,541,PLACED
VC531,542,PLACED
WY218,543,PLACED
PC764,544,PLACED
RY548,545,PLACED
GA851,546,PLACED
GR625,547,PLACED
WB890,548,PLACED
FN522,549,PLACED
ZH741,550,PLACED
TW751,551,PLACED
MR129,552,PLACED
EM821,553,PLACED
DW607,554,PLACED
QJ392,555,PLACED
BN418,556,PLACED
MR129,557,PLACED
EA575,558,PLACED
DW607,559,PLACED
II746,560,PLACED
EK253,561,PLACED
JT617,562,PLACED
EB652,563,PLACED
NQ176,564,PLACED
LU518,565,PLACED
GA851,566,PLACED
NU711,567,PLACED
RY572,568,PLACED
WY218,569,PLACED
IK721,570,PLACED
VH856,571,PLACED
VQ233,572,PLACED
RY572,573,PLACED
MJ814,574,PLACED
YZ898,575,PLACED
AU710,576,PLACED
CC657,577,PLACED
PL616,578,PLACED
AD089,579,PLACED
PL616,580,PLACED
WY218,581,PLACED
MA264,582,PLACED
FJ947,583,PLACED
QI779,584,PLACED
KS630,585,PLACED
QJ392,586,PLACED
XO649,587,PLACED
FN522,588,PLACED
BI759,589,PLACED
ZG109,590,PLACED
WY218,591,PLACED
PS740,592,PLACED
TE207,593,PLACED
BW289,594,PLACED
FA862,595,PLACED
ZF061,596,PLACED
FN522,597,PLACED
UY980,598,PLACED
BN418,599,PLACED
DV182,600,PLACED
FA862,601,PLACED
RG743,602,PLACED
TO444,603,PLACED
MJ814,604,PLACED
JT617,605,PLACED
MG296,606,PLACED
VX147,607,PLACED
AD089,608,PLACED
CZ861,609,PLACED
XW046,610,PLACED
US056,611,PLACED
RY572,612,PLACED
YZ898,613,PLACED
NQ176,614,PLACED
WY218,615,PLACED
ZH741,616,PLACED
CM245,617,PLACED
AW347,618,PLACED
PE529,619,PLACED
VQ233,620,PLACED
DX151,621,PLACED
JT617,622,PLACED
CS287,623,PLACED
DX151,624,PLACED
XW046,625,PLACED
XN875,626,PLACED
BI759,627,PLACED
ZG109,628,PLACED
TW751,629,PLACED
XA254,630,PLACED
EA575,631,PLACED
GR729,632,PLACED
IP471,633,PLACED
WW556,634,PLACED
ZV584,635,PLACED
JT617,636,PLACED
ZF801,637,PLACED
GL926,638,PLACED
YZ898,639,PLACED
AK874,640,PLACED
BW289,641,PLACED
AU710,642,PLACED
EU335,643,PLACED
WB209,644,PLACED
AU710,645,PLACED
EA575,646,PLACED
KS630,647,PLACED
OA831,648,PLACED
AK874,649,PLACED
EM821,650,PLACED
QJ392,651,PLACED
EA575,652,PLACED
US056,653,PLACED
FB488,654,PLACED
NU012,655,PLACED
ZU351,656,PLACED
BN418,657,PLACED
TO444,658,PLACED
RV310,659,PLACED
ZO854,660,PLACED
MG296,661,PLACED
MJ814,662,PLACED
LB704,663,PLACED
PV664,664,PLACED
YR398,665,PLACED
GC890,666,PLACED
BW289,667,PLACED
AD089,668,PLACED
FJ947,669,PLACED
NU711,670,PLACED
II746,671,PLACED
GC890,672,PLACED
PJ659,673,PLACED
OA831,674,PLACED
MJ814,675,PLACED
TB616,676,PLACED
IK721,677,PLACED
PJ659,678,PLACED
II746,679,PLACED
DX151,680,PLACED
US056,681,PLACED
IP471,682,PLACED
OA831,683,PLACED
CA470,684,PLACED
PS740,685,PLACED
CM245,686,PLACED
MA264,687,PLACED
MJ814,688,PLACED
MJ814,689,PLACED
PE529,690,PLACED
MZ379,691,PLACED
PJ659,692,PLACED
BW289,693,PLACED
BP732,694,PLACED
ZO854,695,PLACED
YZ898,696,PLACED
US056,697,PLACED
ME428,698,PLACED
EK253,699,PLACED
IK721,700,PLACED
FJ947,701,PLACED
FJ947,702,PLACED
IK721,703,PLACED
DX151,704,PLACED
ZF801,705,PLACED
YZ898,706,PLACED
NU012,707,PLACED
TO444,708,PLACED
US056,709,PLACED
AD089,710,PLACED
GL926,711,PLACED
HD242,712,PLACED
RV310,713,PLACED
EI532,714,PLACED
XA075,715,PLACED
QJ392,716,PLACED
GC890,717,PLACED
MA264,718,PLACED
MR129,719,PLACED
CS287,720,PLACED
II746,721,PLACED
PV664,722,PLACED
CA470,723,PLACED
VZ702,724,PLACED
EM821,725,PLACED
VH856,726,PLACED
UY980,727,PLACED
BP732,728,PLACED
NU012,729,PLACED
YR398,730,PLACED
ZO854,731,PLACED
ZH741,732,PLACED
FB488,733,PLACED
ZH741,734,PLACED
PE529,735,PLACED
KM929,736,PLACED
YR398,737,PLACED
QI779,738,PLACED
RY548,739,PLACED
WW556,740,PLACED
NU711,741,PLACED
EA575,742,PLACED
PV664,743,PLACED
PJ659,744,PLACED
CA470,745,PLACED
GJ116,746,PLACED
VH856,747,PLACED
PS740,748,PLACED
FN522,749,PLACED
VZ702,750,PLACED
BP732,751,PLACED
FB488,752,PLACED
FN522,753,PLACED
YZ898,754,PLACED
VH856,755,PLACED
TO444,756,PLACED
RY572,757,PLACED
WQ849,758,PLACED
MR129,759,PLACED
ZO854,760,PLACED
YZ898,761,PLACED
WB209,762,PLACED
GJ116,763,PLACED
GL926,764,PLACED
XA075,765,PLACED
WY218,766,PLACED
GL926,767,PLACED
NU012,768,PLACED
EM821,769,PLACED
QJ392,770,PLACED
FC418,771,PLACED
VX147,772,PLACED
ZG109,773,PLACED
ZG109,774,PLACED
DW607,775,PLACED
VZ702,776,PLACED
XN875,777,PLACED
EI532,778,PLACED
RV310,779,PLACED
EA575,780,PLACED
DW607,781,PLACED
FC418,782,PLACED
ZU351,783,PLACED
PL616,784,PLACED
DX151,785,PLACED
GA851,786,PLACED
EB652,787,PLACED
TW751,788,PLACED
LU518,789,PLACED
GR625,790,PLACED
PJ659,791,PLACED
CM245,792,PLACED
EB652,793,PLACED
CS287,794,PLACED
WQ849,795,PLACED
GC846,796,PLACED
QJ392,797,PLACED
RG743,798,PLACED
YR398,799,PLACED
MJ814,800,PLACED
MA264,801,PLACED
BF338,802,PLACED
DX151,803,PLACED
CA470,804,PLACED
UY980,805,PLACED
DV182,806,PLACED
IP471,807,PLACED
YZ898,808,PLACED
GR729,809,PLACED
KS630,810,PLACED
WW556,811,PLACED
WW556,812,PLACED
DV182,813,PLACED
GL926,814,PLACED
XA254,815,PLACED
PL616,816,PLACED
LB704,817,PLACED
ZV584,818,PLACED
WN094,819,PLACED
VX147,820,PLACED
MJ814,821,PLACED
AW347,822,PLACED
EK253,823,PLACED
XO649,824,PLACED
ZO854,825,PLACED
GR625,826,PLACED
AD089,827,PLACED
XN875,828,PLACED
PL616,829,PLACED
BF338,830,PLACED
BF338,831,PLACED
DH200,832,PLACED
OA831,833,PLACED
US056,834,PLACED
ME428,835,PLACED
QI779,836,PLACED
CM245,837,PLACED
DX151,838,PLACED
TE207,839,PLACED
EK253,840,PLACED
XO649,841,PLACED
VH856,842,PLACED
YZ898,843,PLACED
WB209,844,PLACED
EB652,845,PLACED
TW751,846,PLACED
IK721,847,PLACED
FA862,848,PLACED
YR398,849,PLACED
FA862,850,PLACED
GR729,851,PLACED
TO444,852,PLACED
AU710,853,PLACED
KM929,854,PLACED
ZU351,855,PLACED
PC764,856,PLACED
CS287,857,PLACED
WN094,858,PLACED
GC846,859,PLACED
QJ392,860,PLACED
ZV584,861,PLACED
CC657,862,PLACED
XA075,863,PLACED
JT617,864,PLACED
QL573,865,PLACED
WY218,866,PLACED
TO444,867,PLACED
ZU351,868,PLACED
VH856,869,PLACED
TO444,870,PLACED
AY876,871,PLACED
PC764,872,PLACED
TE207,873,PLACED
VH856,874,PLACED
CM245,875,PLACED
IP471,876,PLACED
DH200,877,PLACED
NQ176,878,PLACED
JT617,879,PLACED
RY548,880,PLACED
UY980,881,PLACED
CC657,882,PLACED
MA264,883,PLACED
BI759,884,PLACED
ME428,885,PLACED
VX147,886,PLACED
WB209,887,PLACED
LB704,888,PLACED
CM245,889,PLACED
WY218,890,PLACED
WW556,891,PLACED
WN094,892,PLACED
PJ659,893,PLACED
GJ116,894,PLACED
CA470,895,PLACED
II746,896,PLACED
BW289,897,PLACED
VZ702,898,PLACED
QJ392,899,PLACED
EI532,900,PLACED
WQ849,901,PLACED
NU711,902,PLACED
BF338,903,PLACED
FN522,904,PLACED
US056,905,PLACED
AD089,906,PLACED
NU012,907,PLACED
ZF801,908,PLACED
GR625,909,PLACED
GR625,910,PLACED
VX147,911,PLACED
RG743,912,PLACED
ME428,913,PLACED
VZ702,914,PLACED
II746,915,PLACED
QL573,916,PLACED
FN522,917,PLACED
FA862,918,PLACED
CA470,919,PLACED
VX147,920,PLACED
GJ116,921,PLACED
WB209,922,PLACED
GA851,923,PLACED
RG743,924,PLACED
ZO854,925,PLACED
RG743,926,PLACED
LB704,927,PLACED
QT258,928,PLACED
MG296,929,PLACED
PL616,930,PLACED
II746,931,PLACED
QJ392,932,PLACED
RG743,933,PLACED
AK874,934,PLACED
KS630,935,PLACED
XN875,936,PLACED
ZF801,937,PLACED
XO649,938,PLACED
BW289,939,PLACED
FB488,940,PLACED
WY218,941,PLACED
WN094,942,PLACED
CZ861,943,PLACED
BW289,944,PLACED
VX147,945,PLACED
YZ898,946,PLACED
ZU351,947,PLACED
GL926,948,PLACED
BI759,949,PLACED
EI532,950,PLACED
CC657,951,PLACED
QT258,952,PLACED
IK721,953,PLACED
ZO854,954,PLACED
VC531,955,PLACED
GC890,956,PLACED
TB616,957,PLACED
MJ814,958,PLACED
XW046,959,PLACED
BW289,960,PLACED
QL573,961,PLACED
CC657,962,PLACED
FC418,963,PLACED
II746,964,PLACED
WN094,965,PLACED
RY572,966,PLACED
PC764,967,PLACED
RG743,968,PLACED
MA264,969,PLACED
QT258,970,PLACED
NQ176,971,PLACED
TW751,972,PLACED
QU287,973,PLACED
BW289,974,PLACED
EU335,975,PLACED
AU710,976,PLACED
GL926,977,PLACED
RY572,978,PLACED
ZF061,979,PLACED
JT617,980,PLACED
DV182,981,PLACED
MR129,982,PLACED
XA254,983,PLACED
BI759,984,PLACED
NQ176,985,PLACED
VX147,986,PLACED
JT617,987,PLACED
ME428,988,PLACED
AW347,989,PLACED
EU335,990,PLACED
PJ659,991,PLACED
QJ392,992,PLACED
FN522,993,PLACED
EI532,994,PLACED
NU711,995,PLACED
DW607,996,PLACED
CC657,997,PLACED
VZ702,998,PLACED
