:START_ID(Employee),:END_ID(Order),:TYPE
8,1,PROCESSED
7,2,PROCESSED
3,3,PROCESSED
18,4,PROCESSED
5,5,PROCESSED
6,6,PROCESSED
14,7,PROCESSED
4,8,PROCESSED
19,9,PROCESSED
10,10,PROCESSED
11,11,PROCESSED
18,12,PROCESSED
8,13,PROCESSED
5,14,PROCESSED
4,15,PROCESSED
3,16,PROCESSED
9,17,PROCESSED
16,18,PROCESSED
20,19,PROCESSED
13,20,PROCESSED
17,21,PROCESSED
15,22,PROCESSED
14,23,PROCESSED
1,24,PROCESSED
15,25,PROCESSED
11,26,PROCESSED
5,27,PROCESSED
12,28,PROCESSED
11,29,PROCESSED
18,30,PROCESSED
17,31,PROCESSED
5,32,PROCESSED
8,33,PROCESSED
11,34,PROCESSED
13,35,PROCESSED
12,36,PROCESSED
17,37,PROCESSED
6,38,PROCESSED
17,39,PROCESSED
19,40,PROCESSED
9,41,PROCESSED
4,42,PROCESSED
15,43,PROCESSED
13,44,PROCESSED
2,45,PROCESSED
13,46,PROCESSED
7,47,PROCESSED
12,48,PROCESSED
11,49,PROCESSED
6,50,PROCESSED
12,51,PROCESSED
1,52,PROCESSED
12,53,PROCESSED
6,54,PROCESSED
13,55,PROCESSED
18,56,PROCESSED
1,57,PROCESSED
19,58,PROCESSED
18,59,PROCESSED
10,60,PROCESSED
19,61,PROCESSED
7,62,PROCESSED
5,63,PROCESSED
18,64,PROCESSED
9,65,PROCESSED
3,66,PROCESSED
14,67,PROCESSED
3,68,PROCESSED
15,69,PROCESSED
15,70,PROCESSED
4,71,PROCESSED
3,72,PROCESSED
16,73,PROCESSED
9,74,PROCESSED
16,75,PROCESSED
12,76,PROCESSED
16,77,PROCESSED
4,78,PROCESSED
2,79,PROCESSED
7,80,PROCESSED
13,81,PROCESSED
6,82,PROCESSED
16,83,PROCESSED
17,84,PROCESSED
12,85,PROCESSED
6,86,PROCESSED
18,87,PROCESSED
11,88,PROCESSED
5,89,PROCESSED
18,90,PROCESSED
20,91,PROCESSED
10,92,PROCESSED
7,93,PROCESSED
4,94,PROCESSED
7,95,PROCESSED
20,96,PROCESSED
19,97,PROCESSED
13,98,PROCESSED
19,99,PROCESSED
12,100,PROCESSED
14,101,PROCESSED
10,102,PROCESSED
8,103,PROCESSED
9,104,PROCESSED
10,105,PROCESSED
16,106,PROCESSED
20,107,PROCESSED
10,108,PROCESSED
18,109,PROCESSED
2,110,PROCESSED
20,111,PROCESSED
9,112,PROCESSED
9,113,PROCESSED
2,114,PROCESSED
12,115,PROCESSED
10,116,PROCESSED
18,117,PROCESSED
6,118,PROCESSED
7,119,PROCESSED
7,120,PROCESSED
3,121,PROCESSED
8,122,PROCESSED
16,123,PROCESSED
19,124,PROCESSED
4,125,PROCESSED
20,126,PROCESSED
17,127,PROCESSED
13,128,PROCESSED
2,129,PROCESSED
4,130,PROCESSED
6,131,PROCESSED
11,132,PROCESSED
18,133,PROCESSED
9,134,PROCESSED
20,135,PROCESSED
2,136,PROCESSED
12,137,PROCESSED
18,138,PROCESSED
16,139,PROCESSED
10,140,PROCESSED
13,141,PROCESSED
6,142,PROCESSED
6,143,PROCESSED
17,144,PROCESSED
12,145,PROCESSED
14,146,PROCESSED
17,147,PROCESSED
10,148,PROCESSED
13,149,PROCESSED
8,150,PROCESSED
5,151,PROCESSED
9,152,PROCESSED
20,153,PROCESSED
16,154,PROCESSED
18,155,PROCESSED
8,156,PROCESSED
3,157,PROCESSED
8,158,PROCESSED
19,159,PROCESSED
17,160,PROCESSED
4,161,PROCESSED
5,162,PROCESSED
1,163,PROCESSED
6,164,PROCESSED
16,165,PROCESSED
13,166,PROCESSED
16,167,PROCESSED
14,168,PROCESSED
17,169,PROCESSED
15,170,PROCESSED
4,171,PROCESSED
8,172,PROCESSED
20,173,PROCESSED
5,174,PROCESSED
3,175,PROCESSED
19,176,PROCESSED
10,177,PROCESSED
7,178,PROCESSED
14,179,PROCESSED
5,180,PROCESSED
13,181,PROCESSED
6,182,PROCESSED
2,183,PROCESSED
9,184,PROCESSED
9,185,PROCESSED
17,186,PROCESSED
8,187,PROCESSED
14,188,PROCESSED
19,189,PROCESSED
10,190,PROCESSED
3,191,PROCESSED
3,192,PROCESSED
12,193,PROCESSED
16,194,PROCESSED
9,195,PROCESSED
3,196,PROCESSED
4,197,PROCESSED
13,198,PROCESSED
19,199,PROCESSED
18,200,PROCESSED
7,201,PROCESSED
14,202,PROCESSED
12,203,PROCESSED
14,204,PROCESSED
2,205,PROCESSED
16,206,PROCESSED
13,207,PROCESSED
15,208,PROCESSED
19,209,PROCESSED
9,210,PROCESSED
11,211,PROCESSED
5,212,PROCESSED
7,213,PROCESSED
15,214,PROCESSED
2,215,PROCESSED
6,216,PROCESSED
1,217,PROCESSED
15,218,PROCESSED
10,219,PROCESSED
4,220,PROCESSED
10,221,PROCESSED
3,222,PROCESSED
15,223,PROCESSED
3,224,PROCESSED
2,225,PROCESSED
8,226,PROCESSED
9,227,PROCESSED
17,228,PROCESSED
4,229,PROCESSED
3,230,PROCESSED
13,231,PROCESSED
16,232,PROCESSED
8,233,PROCESSED
15,234,PROCESSED
1,235,PROCESSED
19,236,PROCESSED
3,237,PROCESSED
1,238,PROCESSED
17,239,PROCESSED
8,240,PROCESSED
19,241,PROCESSED
13,242,PROCESSED
1,243,PROCESSED
2,244,PROCESSED
7,245,PROCESSED
4,246,PROCESSED
20,247,PROCESSED
19,248,PROCESSED
8,249,PROCESSED
9,250,PROCESSED
1,251,PROCESSED
14,252,PROCESSED
15,253,PROCESSED
6,254,PROCESSED
14,255,PROCESSED
13,256,PROCESSED
20,257,PROCESSED
20,258,PROCESSED
5,259,PROCESSED
19,260,PROCESSED
2,261,PROCESSED
17,262,PROCESSED
19,263,PROCESSED
7,264,PROCESSED
1,265,PROCESSED
18,266,PROCESSED
4,267,PROCESSED
13,268,PROCESSED
6,269,PROCESSED
4,270,PROCESSED
6,271,PROCESSED
2,272,PROCESSED
9,273,PROCESSED
6,274,PROCESSED
2,275,PROCESSED
9,276,PROCESSED
6,277,PROCESSED
9,278,PROCESSED
15,279,PROCESSED
11,280,PROCESSED
5,281,PROCESSED
17,282,PROCESSED
4,283,PROCESSED
15,284,PROCESSED
2,285,PROCESSED
20,286,PROCESSED
6,287,PROCESSED
18,288,PROCESSED
10,289,PROCESSED
9,290,PROCESSED
4,291,PROCESSED
17,292,PROCESSED
4,293,PROCESSED
13,294,PROCESSED
7,295,PROCESSED
13,296,PROCESSED
2,297,PROCESSED
5,298,PROCESSED
7,299,PROCESSED
16,300,PROCESSED
9,301,PROCESSED
18,302,PROCESSED
9,303,PROCESSED
11,304,PROCESSED
11,305,PROCESSED
12,306,PROCESSED
10,307,PROCESSED
16,308,PROCESSED
6,309,PROCESSED
3,310,PROCESSED
18,311,PROCESSED
15,312,PROCESSED
13,313,PROCESSED
19,314,PROCESSED
14,315,PROCESSED
11,316,PROCESSED
5,317,PROCESSED
18,318,PROCESSED
12,319,PROCESSED
3,320,PROCESSED
10,321,PROCESSED
9,322,PROCESSED
17,323,PROCESSED
18,324,PROCESSED
15,325,PROCESSED
16,326,PROCESSED
15,327,PROCESSED
17,328,PROCESSED
17,329,PROCESSED
7,330,PROCESSED
11,331,PROCESSED
15,332,PROCESSED
11,333,PROCESSED
19,334,PROCESSED
7,335,PROCESSED
18,336,PROCESSED
4,337,PROCESSED
17,338,PROCESSED
11,339,PROCESSED
8,340,PROCESSED
20,341,PROCESSED
2,342,PROCESSED
10,343,PROCESSED
6,344,PROCESSED
6,345,PROCESSED
8,346,PROCESSED
7,347,PROCESSED
14,348,PROCESSED
16,349,PROCESSED
7,350,PROCESSED
18,351,PROCESSED
3,352,PROCESSED
6,353,PROCESSED
15,354,PROCESSED
7,355,PROCESSED
15,356,PROCESSED
3,357,PROCESSED
10,358,PROCESSED
9,359,PROCESSED
9,360,PROCESSED
4,361,PROCESSED
6,362,PROCESSED
8,363,PROCESSED
18,364,PROCESSED
16,365,PROCESSED
11,366,PROCESSED
11,367,PROCESSED
19,368,PROCESSED
20,369,PROCESSED
15,370,PROCESSED
15,371,PROCESSED
5,372,PROCESSED
8,373,PROCESSED
20,374,PROCESSED
5,375,PROCESSED
6,376,PROCESSED
4,377,PROCESSED
16,378,PROCESSED
17,379,PROCESSED
10,380,PROCESSED
14,381,PROCESSED
19,382,PROCESSED
9,383,PROCESSED
14,384,PROCESSED
8,385,PROCESSED
6,386,PROCESSED
7,387,PROCESSED
4,388,PROCESSED
12,389,PROCESSED
1,390,PROCESSED
17,391,PROCESSED
17,392,PROCESSED
9,393,PROCESSED
4,394,PROCESSED
14,395,PROCESSED
8,396,PROCESSED
14,397,PROCESSED
6,398,PROCESSED
16,399,PROCESSED
16,400,PROCESSED
2,401,PROCESSED
20,402,PROCESSED
19,403,PROCESSED
6,404,PROCESSED
6,405,PROCESSED
20,406,PROCESSED
2,407,PROCESSED
9,408,PROCESSED
16,409,PROCESSED
15,410,PROCESSED
18,411,PROCESSED
18,412,PROCESSED
15,413,PROCESSED
3,414,PROCESSED
6,415,PROCESSED
10,416,PROCESSED
12,417,PROCESSED
14,418,PROCESSED
20,419,PROCESSED
12,420,PROCESSED
12,421,PROCESSED
5,422,PROCESSED
6,423,PROCESSED
6,424,PROCESSED
1,425,PROCESSED
14,426,PROCESSED
15,427,PROCESSED
4,428,PROCESSED
11,429,PROCESSED
9,430,PROCESSED
2,431,PROCESSED
6,432,PROCESSED
20,433,PROCESSED
16,434,PROCESSED
12,435,PROCESSED
15,436,PROCESSED
2,437,PROCESSED
9,438,PROCESSED
19,439,PROCESSED
9,440,PROCESSED
12,441,PROCESSED
6,442,PROCESSED
2,443,PROCESSED
12,444,PROCESSED
2,445,PROCESSED
2,446,PROCESSED
6,447,PROCESSED
12,448,PROCESSED
15,449,PROCESSED
18,450,PROCESSED
11,451,PROCESSED
14,452,PROCESSED
16,453,PROCESSED
13,454,PROCESSED
8,455,PROCESSED
10,456,PROCESSED
19,457,PROCESSED
16,458,PROCESSED
1,459,PROCESSED
11,460,PROCESSED
15,461,PROCESSED
18,462,PROCESSED
1,463,PROCESSED
11,464,PROCESSED
6,465,PROCESSED
2,466,PROCESSED
1,467,PROCESSED
8,468,PROCESSED
3,469,PROCESSED
9,470,PROCESSED
19,471,PROCESSED
19,472,PROCESSED
12,473,PROCESSED
4,474,PROCESSED
7,475,PROCESSED
2,476,PROCESSED
9,477,PROCESSED
16,478,PROCESSED
3,479,PROCESSED
1,480,PROCESSED
10,481,PROCESSED
12,482,PROCESSED
14,483,PROCESSED
19,484,PROCESSED
6,485,PROCESSED
9,486,PROCESSED
11,487,PROCESSED
2,488,PROCESSED
20,489,PROCESSED
16,490,PROCESSED
9,491,PROCESSED
9,492,PROCESSED
20,493,PROCESSED
3,494,PROCESSED
8,495,PROCESSED
2,496,PROCESSED
11,497,PROCESSED
20,498,PROCESSED
16,499,PROCESSED
5,500,PROCESSED
14,501,PROCESSED
12,502,PROCESSED
19,503,PROCESSED
11,504,PROCESSED
5,505,PROCESSED
18,506,PROCESSED
10,507,PROCESSED
2,508,PROCESSED
16,509,PROCESSED
10,510,PROCESSED
17,511,PROCESSED
4,512,PROCESSED
8,513,PROCESSED
10,514,PROCESSED
12,515,PROCESSED
16,516,PROCESSED
15,517,PROCESSED
6,518,PROCESSED
2,519,PROCESSED
6,520,PROCESSED
17,521,PROCESSED
3,522,PROCESSED
7,523,PROCESSED
18,524,PROCESSED
8,525,PROCESSED
17,526,PROCESSED
6,527,PROCESSED
2,528,PROCESSED
1,529,PROCESSED
15,530,PROCESSED
3,531,PROCESSED
16,532,PROCESSED
5,533,PROCESSED
9,534,PROCESSED
3,535,PROCESSED
4,536,PROCESSED
10,537,PROCESSED
10,538,PROCESSED
2,539,PROCESSED
9,540,PROCESSED
14,541,PROCESSED
8,542,PROCESSED
17,543,PROCESSED
15,544,PROCESSED
2,545,PROCESSED
17,546,PROCESSED
14,547,PROCESSED
13,548,PROCESSED
3,549,PROCESSED
7,550,PROCESSED
15,551,PROCESSED
4,552,PROCESSED
15,553,PROCESSED
5,554,PROCESSED
16,555,PROCESSED
18,556,PROCESSED
5,557,PROCESSED
12,558,PROCESSED
3,559,PROCESSED
2,560,PROCESSED
17,561,PROCESSED
20,562,PROCESSED
7,563,PROCESSED
4,564,PROCESSED
14,565,PROCESSED
6,566,PROCESSED
3,567,PROCESSED
3,568,PROCESSED
15,569,PROCESSED
16,570,PROCESSED
5,571,PROCESSED
7,572,PROCESSED
19,573,PROCESSED
17,574,PROCESSED
16,575,PROCESSED
9,576,PROCESSED
10,577,PROCESSED
17,578,PROCESSED
3,579,PROCESSED
12,580,PROCESSED
2,581,PROCESSED
19,582,PROCESSED
16,583,PROCESSED
13,584,PROCESSED
18,585,PROCESSED
15,586,PROCESSED
17,587,PROCESSED
17,588,PROCESSED
4,589,PROCESSED
9,590,PROCESSED
14,591,PROCESSED
17,592,PROCESSED
12,593,PROCESSED
11,594,PROCESSED
20,595,PROCESSED
5,596,PROCESSED
13,597,PROCESSED
14,598,PROCESSED
7,599,PROCESSED
18,600,PROCESSED
9,601,PROCESSED
13,602,PROCESSED
10,603,PROCESSED
18,604,PROCESSED
4,605,PROCESSED
5,606,PROCESSED
2,607,PROCESSED
2,608,PROCESSED
1,609,PROCESSED
8,610,PROCESSED
10,611,PROCESSED
3,612,PROCESSED
15,613,PROCESSED
7,614,PROCESSED
13,615,PROCESSED
14,616,PROCESSED
18,617,PROCESSED
18,618,PROCESSED
5,619,PROCESSED
6,620,PROCESSED
6,621,PROCESSED
20,622,PROCESSED
20,623,PROCESSED
18,624,PROCESSED
4,625,PROCESSED
16,626,PROCESSED
19,627,PROCESSED
19,628,PROCESSED
18,629,PROCESSED
4,630,PROCESSED
17,631,PROCESSED
18,632,PROCESSED
11,633,PROCESSED
1,634,PROCESSED
11,635,PROCESSED
5,636,PROCESSED
16,637,PROCESSED
13,638,PROCESSED
1,639,PROCESSED
2,640,PROCESSED
6,641,PROCESSED
11,642,PROCESSED
8,643,PROCESSED
15,644,PROCESSED
19,645,PROCESSED
16,646,PROCESSED
20,647,PROCESSED
16,648,PROCESSED
11,649,PROCESSED
15,650,PROCESSED
3,651,PROCESSED
4,652,PROCESSED
13,653,PROCESSED
12,654,PROCESSED
11,655,PROCESSED
17,656,PROCESSED
2,657,PROCESSED
10,658,PROCESSED
3,659,PROCESSED
12,660,PROCESSED
11,661,PROCESSED
12,662,PROCESSED
13,663,PROCESSED
13,664,PROCESSED
11,665,PROCESSED
3,666,PROCESSED
5,667,PROCESSED
3,668,PROCESSED
1,669,PROCESSED
11,670,PROCESSED
18,671,PROCESSED
17,672,PROCESSED
13,673,PROCESSED
18,674,PROCESSED
10,675,PROCESSED
5,676,PROCESSED
10,677,PROCESSED
7,678,PROCESSED
11,679,PROCESSED
9,680,PROCESSED
7,681,PROCESSED
6,682,PROCESSED
1,683,PROCESSED
14,684,PROCESSED
3,685,PROCESSED
1,686,PROCESSED
9,687,PROCESSED
15,688,PROCESSED
3,689,PROCESSED
3,690,PROCESSED
11,691,PROCESSED
11,692,PROCESSED
5,693,PROCESSED
13,694,PROCESSED
12,695,PROCESSED
19,696,PROCESSED
4,697,PROCESSED
14,698,PROCESSED
10,699,PROCESSED
3,700,PROCESSED
15,701,PROCESSED
10,702,PROCESSED
1,703,PROCESSED
16,704,PROCESSED
11,705,PROCESSED
20,706,PROCESSED
17,707,PROCESSED
6,708,PROCESSED
16,709,PROCESSED
5,710,PROCESSED
10,711,PROCESSED
14,712,PROCESSED
16,713,PROCESSED
12,714,PROCESSED
8,715,PROCESSED
19,716,PROCESSED
20,717,PROCESSED
17,718,PROCESSED
9,719,PROCESSED
8,720,PROCESSED
5,721,PROCESSED
15,722,PROCESSED
14,723,PROCESSED
3,724,PROCESSED
1,725,PROCESSED
2,726,PROCESSED
14,727,PROCESSED
16,728,PROCESSED
7,729,PROCESSED
9,730,PROCESSED
4,731,PROCESSED
13,732,PROCESSED
10,733,PROCESSED
12,734,PROCESSED
15,735,PROCESSED
7,736,PROCESSED
3,737,PROCESSED
15,738,PROCESSED
10,739,PROCESSED
17,740,PROCESSED
12,741,PROCESSED
17,742,PROCESSED
18,743,PROCESSED
19,744,PROCESSED
19,745,PROCESSED
6,746,PROCESSED
7,747,PROCESSED
5,748,PROCESSED
14,749,PROCESSED
6,750,PROCESSED
15,751,PROCESSED
2,752,PROCESSED
10,753,PROCESSED
18,754,PROCESSED
18,755,PROCESSED
18,756,PROCESSED
2,757,PROCESSED
5,758,PROCESSED
19,759,PROCESSED
17,760,PROCESSED
19,761,PROCESSED
16,762,PROCESSED
9,763,PROCESSED
6,764,PROCESSED
14,765,PROCESSED
13,766,PROCESSED
20,767,PROCESSED
3,768,PROCESSED
4,769,PROCESSED
7,770,PROCESSED
8,771,PROCESSED
18,772,PROCESSED
1,773,PROCESSED
11,774,PROCESSED
19,775,PROCESSED
6,776,PROCESSED
5,777,PROCESSED
14,778,PROCESSED
9,779,PROCESSED
3,780,PROCESSED
2,781,PROCESSED
1,782,PROCESSED
19,783,PROCESSED
16,784,PROCESSED
3,785,PROCESSED
10,786,PROCESSED
11,787,PROCESSED
20,788,PROCESSED
6,789,PROCESSED
20,790,PROCESSED
15,791,PROCESSED
11,792,PROCESSED
9,793,PROCESSED
15,794,PROCESSED
18,795,PROCESSED
11,796,PROCESSED
11,797,PROCESSED
19,798,PROCESSED
12,799,PROCESSED
11,800,PROCESSED
5,801,PROCESSED
14,802,PROCESSED
15,803,PROCESSED
3,804,PROCESSED
9,805,PROCESSED
10,806,PROCESSED
19,807,PROCESSED
14,808,PROCESSED
18,809,PROCESSED
8,810,PROCESSED
18,811,PROCESSED
10,812,PROCESSED
5,813,PROCESSED
10,814,PROCESSED
15,815,PROCESSED
13,816,PROCESSED
5,817,PROCESSED
1,818,PROCESSED
20,819,PROCESSED
20,820,PROCESSED
2,821,PROCESSED
9,822,PROCESSED
16,823,PROCESSED
11,824,PROCESSED
5,825,PROCESSED
4,826,PROCESSED
16,827,PROCESSED
2,828,PROCESSED
1,829,PROCESSED
17,830,PROCESSED
20,831,PROCESSED
11,832,PROCESSED
15,833,PROCESSED
3,834,PROCESSED
11,835,PROCESSED
10,836,PROCESSED
14,837,PROCESSED
3,838,PROCESSED
5,839,PROCESSED
14,840,PROCESSED
2,841,PROCESSED
5,842,PROCESSED
3,843,PROCESSED
15,844,PROCESSED
17,845,PROCESSED
4,846,PROCESSED
10,847,PROCESSED
15,848,PROCESSED
5,849,PROCESSED
17,850,PROCESSED
17,851,PROCESSED
9,852,PROCESSED
20,853,PROCESSED
15,854,PROCESSED
14,855,PROCESSED
2,856,PROCESSED
20,857,PROCESSED
7,858,PROCESSED
20,859,PROCESSED
11,860,PROCESSED
18,861,PROCESSED
5,862,PROCESSED
17,863,PROCESSED
1,864,PROCESSED
14,865,PROCESSED
18,866,PROCESSED
7,867,PROCESSED
13,868,PROCESSED
10,869,PROCESSED
15,870,PROCESSED
1,871,PROCESSED
14,872,PROCESSED
8,873,PROCESSED
5,874,PROCESSED
13,875,PROCESSED
1,876,PROCESSED
11,877,PROCESSED
13,878,PROCESSED
20,879,PROCESSED
7,880,PROCESSED
18,881,PROCESSED
1,882,PROCESSED
14,883,PROCESSED
18,884,PROCESSED
20,885,PROCESSED
2,886,PROCESSED
6,887,PROCESSED
7,888,PROCESSED
18,889,PROCESSED
5,890,PROCESSED
15,891,PROCESSED
15,892,PROCESSED
12,893,PROCESSED
15,894,PROCESSED
8,895,PROCESSED
12,896,PROCESSED
16,897,PROCESSED
16,898,PROCESSED
20,899,PROCESSED
3,900,PROCESSED
14,901,PROCESSED
5,902,PROCESSED
1,903,PROCESSED
4,904,PROCESSED
9,905,PROCESSED
4,906,PROCESSED
14,907,PROCESSED
15,908,PROCESSED
15,909,PROCESSED
3,910,PROCESSED
18,911,PROCESSED
13,912,PROCESSED
3,913,PROCESSED
8,914,PROCESSED
9,915,PROCESSED
4,916,PROCESSED
17,917,PROCESSED
8,918,PROCESSED
15,919,PROCESSED
16,920,PROCESSED
6,921,PROCESSED
17,922,PROCESSED
18,923,PROCESSED
20,924,PROCESSED
16,925,PROCESSED
18,926,PROCESSED
16,927,PROCESSED
6,928,PROCESSED
13,929,PROCESSED
9,930,PROCESSED
10,931,PROCESSED
14,932,PROCESSED
2,933,PROCESSED
20,934,PROCESSED
19,935,PROCESSED
1,936,PROCESSED
12,937,PROCESSED
20,938,PROCESSED
2,939,PROCESSED
15,940,PROCESSED
14,941,PROCESSED
8,942,PROCESSED
1,943,PROCESSED
17,944,PROCESSED
11,945,PROCESSED
6,946,PROCESSED
8,947,PROCESSED
18,948,PROCESSED
9,949,PROCESSED
9,950,PROCESSED
5,951,PROCESSED
2,952,PROCESSED
8,953,PROCESSED
4,954,PROCESSED
4,955,PROCESSED
19,956,PROCESSED
12,957,PROCESSED
18,958,PROCESSED
12,959,PROCESSED
8,960,PROCESSED
12,961,PROCESSED
6,962,PROCESSED
4,963,PROCESSED
17,964,PROCESSED
19,965,PROCESSED
18,966,PROCESSED
12,967,PROCESSED
19,968,PROCESSED
3,969,PROCESSED
14,970,PROCESSED
14,971,PROCESSED
17,972,PROCESSED
15,973,PROCESSED
13,974,PROCESSED
16,975,PROCESSED
5,976,PROCESSED
5,977,PROCESSED
9,978,PROCESSED
2,979,PROCESSED
18,980,PROCESSED
8,981,PROCESSED
15,982,PROCESSED
2,983,PROCESSED
13,984,PROCESSED
11,985,PROCESSED
2,986,PROCESSED
2,987,PROCESSED
8,988,PROCESSED
14,989,PROCESSED
15,990,PROCESSED
1,991,PROCESSED
9,992,PROCESSED
13,993,PROCESSED
7,994,PROCESSED
10,995,PROCESSED
16,996,PROCESSED
19,997,PROCESSED
4,998,PROCESSED
