:START_ID(Order),:END_ID(Product),:TYPE,UnitPrice,Quantity,Discount
1,18,CONTAINS,5081.24,11,0.2
1,59,CONTAINS,5605.53,10,0.05
1,74,CONTAINS,2353.42,19,0.1
1,88,CONTAINS,4431.24,20,0.05
2,23,CONTAINS,8334.16,14,0.15
2,51,CONTAINS,886.12,18,0.05
3,14,CONTAINS,8626.45,18,0.05
3,28,CONTAINS,241.6,13,0.15
3,50,CONTAINS,10312.91,1,0.0
3,63,CONTAINS,9489.11,11,0.05
4,28,CONTAINS,222.89,18,0.05
4,31,CONTAINS,1381.31,16,0.15
4,71,CONTAINS,6569.94,14,0.05
5,8,CONTAINS,8819.37,17,0.1
5,56,CONTAINS,264.25,18,0.1
5,82,CONTAINS,6819.74,2,0.05
5,95,CONTAINS,7987.13,7,0.2
6,63,CONTAINS,8957.22,11,0.2
7,35,CONTAINS,3233.01,4,0.05
8,41,CONTAINS,9422.18,11,0.0
8,47,CONTAINS,2429.45,6,0.15
8,53,CONTAINS,3078.19,12,0.0
9,91,CONTAINS,3046.2,6,0.0
10,15,CONTAINS,5970.15,19,0.1
10,45,CONTAINS,7453.29,9,0.15
10,53,CONTAINS,3042.99,11,0.05
10,89,CONTAINS,9145.09,12,0.1
10,95,CONTAINS,8194.78,9,0.0
11,79,CONTAINS,10242.37,18,0.2
12,61,CONTAINS,772.05,14,0.15
12,69,CONTAINS,3988.62,17,0.2
13,6,CONTAINS,5444.16,5,0.15
14,3,CONTAINS,8474.81,11,0.1
14,71,CONTAINS,6079.56,19,0.15
14,95,CONTAINS,8624.61,18,0.0
15,7,CONTAINS,1068.11,3,0.15
15,47,CONTAINS,2298.3,14,0.0
15,50,CONTAINS,9692.63,8,0.0
16,6,CONTAINS,5278.04,20,0.2
16,23,CONTAINS,8840.92,17,0.0
16,33,CONTAINS,6396.19,8,0.0
16,67,CONTAINS,1516.17,19,0.1
16,77,CONTAINS,6698.93,12,0.1
17,7,CONTAINS,1078.04,5,0.05
17,19,CONTAINS,7278.88,6,0.15
17,93,CONTAINS,5803.92,11,0.2
18,6,CONTAINS,5725.47,10,0.05
18,23,CONTAINS,8220.84,15,0.05
18,73,CONTAINS,257.63,5,0.1
18,75,CONTAINS,9217.09,13,0.0
18,95,CONTAINS,8680.28,13,0.05
19,21,CONTAINS,2478.74,17,0.2
19,76,CONTAINS,7645.2,7,0.1
19,78,CONTAINS,5093.8,12,0.2
20,14,CONTAINS,8658.38,3,0.2
20,27,CONTAINS,7821.51,10,0.0
20,42,CONTAINS,8083.26,2,0.2
20,55,CONTAINS,6725.5,10,0.15
21,41,CONTAINS,9138.64,4,0.1
21,86,CONTAINS,8005.05,20,0.0
22,13,CONTAINS,3780.18,11,0.0
22,41,CONTAINS,9588.79,10,0.05
22,99,CONTAINS,1638.53,4,0.1
22,100,CONTAINS,8661.73,18,0.1
23,16,CONTAINS,8213.07,10,0.0
23,70,CONTAINS,8034.09,8,0.15
23,96,CONTAINS,8612.23,2,0.05
24,40,CONTAINS,6236.97,5,0.0
24,56,CONTAINS,270.44,9,0.05
24,65,CONTAINS,6319.43,4,0.15
24,96,CONTAINS,9102.95,12,0.2
25,18,CONTAINS,5369.62,10,0.2
25,79,CONTAINS,9554.55,14,0.2
25,85,CONTAINS,1631.52,9,0.05
25,95,CONTAINS,8298.14,15,0.1
25,97,CONTAINS,9283.34,1,0.15
26,10,CONTAINS,1868.0,18,0.15
26,16,CONTAINS,8556.1,17,0.15
26,22,CONTAINS,7296.67,17,0.0
27,79,CONTAINS,9429.84,16,0.0
28,34,CONTAINS,7235.72,19,0.0
28,46,CONTAINS,1944.15,2,0.15
28,85,CONTAINS,1491.55,7,0.0
28,93,CONTAINS,5631.98,14,0.1
29,5,CONTAINS,4844.4,11,0.0
29,61,CONTAINS,796.59,20,0.2
30,6,CONTAINS,5407.22,12,0.15
30,10,CONTAINS,1812.31,18,0.1
30,57,CONTAINS,4236.87,8,0.1
31,54,CONTAINS,7073.69,16,0.15
31,74,CONTAINS,2280.04,2,0.15
31,81,CONTAINS,1455.05,9,0.15
31,88,CONTAINS,4492.26,7,0.2
32,3,CONTAINS,8891.17,5,0.0
32,24,CONTAINS,6824.63,6,0.05
32,35,CONTAINS,3118.15,19,0.1
32,73,CONTAINS,262.26,7,0.0
33,25,CONTAINS,10112.01,9,0.1
33,53,CONTAINS,3033.74,19,0.05
33,55,CONTAINS,6910.25,7,0.15
33,66,CONTAINS,8857.66,19,0.05
34,23,CONTAINS,8206.94,10,0.0
34,47,CONTAINS,2326.44,15,0.05
34,69,CONTAINS,4160.61,9,0.0
34,90,CONTAINS,2464.42,7,0.2
34,99,CONTAINS,1717.29,1,0.05
35,18,CONTAINS,5164.23,9,0.15
35,88,CONTAINS,4514.92,17,0.0
35,95,CONTAINS,8163.05,6,0.1
35,100,CONTAINS,8655.68,3,0.15
36,15,CONTAINS,5916.52,14,0.2
37,26,CONTAINS,8017.22,13,0.1
37,35,CONTAINS,3247.02,19,0.05
38,96,CONTAINS,8460.44,8,0.0
39,2,CONTAINS,9876.7,6,0.15
39,12,CONTAINS,9593.82,14,0.05
39,40,CONTAINS,6244.78,19,0.15
39,62,CONTAINS,8653.77,20,0.0
39,79,CONTAINS,9794.42,11,0.1
40,48,CONTAINS,817.79,4,0.1
40,55,CONTAINS,6988.81,9,0.1
41,17,CONTAINS,7981.15,9,0.05
41,65,CONTAINS,6694.52,19,0.1
41,100,CONTAINS,8576.78,11,0.05
42,27,CONTAINS,8619.87,7,0.1
42,79,CONTAINS,9552.68,14,0.1
43,31,CONTAINS,1333.58,4,0.1
43,36,CONTAINS,9488.15,16,0.15
43,74,CONTAINS,2297.24,11,0.05
43,79,CONTAINS,10121.38,9,0.05
43,90,CONTAINS,2505.49,8,0.15
44,6,CONTAINS,5700.51,16,0.1
44,39,CONTAINS,1677.76,19,0.2
44,55,CONTAINS,6758.07,17,0.1
45,14,CONTAINS,8074.21,15,0.0
45,33,CONTAINS,6376.46,1,0.0
45,72,CONTAINS,6382.51,16,0.0
45,84,CONTAINS,4006.09,11,0.05
46,25,CONTAINS,9472.0,16,0.15
46,40,CONTAINS,6396.25,20,0.15
46,42,CONTAINS,7461.18,19,0.05
46,82,CONTAINS,7210.58,9,0.05
46,86,CONTAINS,8670.12,4,0.2
47,38,CONTAINS,4477.17,20,0.2
47,93,CONTAINS,5744.15,3,0.05
48,11,CONTAINS,4544.36,8,0.05
48,47,CONTAINS,2381.02,8,0.1
49,23,CONTAINS,8342.38,17,0.05
49,29,CONTAINS,6128.67,5,0.15
49,37,CONTAINS,10377.53,2,0.05
49,71,CONTAINS,6083.72,11,0.0
50,8,CONTAINS,8985.39,4,0.1
50,25,CONTAINS,9211.41,4,0.05
51,25,CONTAINS,9501.77,13,0.0
51,38,CONTAINS,4415.97,13,0.15
51,64,CONTAINS,6030.01,18,0.2
51,75,CONTAINS,9165.81,3,0.15
52,3,CONTAINS,8947.26,12,0.15
53,89,CONTAINS,8871.68,1,0.15
54,28,CONTAINS,235.79,1,0.2
54,51,CONTAINS,892.03,2,0.0
54,84,CONTAINS,4227.81,11,0.15
54,88,CONTAINS,4714.28,3,0.2
55,46,CONTAINS,1955.86,19,0.1
55,48,CONTAINS,821.51,6,0.0
55,55,CONTAINS,6744.75,8,0.0
55,56,CONTAINS,268.99,12,0.15
56,21,CONTAINS,2513.97,2,0.05
56,23,CONTAINS,8579.17,4,0.05
56,60,CONTAINS,2340.41,1,0.05
56,82,CONTAINS,7183.05,11,0.0
56,86,CONTAINS,7938.56,17,0.0
57,94,CONTAINS,9275.45,7,0.0
58,71,CONTAINS,6354.87,13,0.0
59,10,CONTAINS,1794.4,8,0.05
59,24,CONTAINS,6879.55,12,0.05
59,39,CONTAINS,1745.19,5,0.0
59,68,CONTAINS,3761.09,6,0.1
60,23,CONTAINS,8263.34,18,0.2
60,44,CONTAINS,7521.62,18,0.15
61,13,CONTAINS,3543.9,14,0.0
62,17,CONTAINS,8104.82,17,0.1
62,79,CONTAINS,10021.39,2,0.0
62,98,CONTAINS,2775.2,15,0.2
63,1,CONTAINS,7320.16,20,0.0
64,22,CONTAINS,7793.04,7,0.1
65,5,CONTAINS,5092.88,3,0.05
66,7,CONTAINS,1078.12,13,0.2
66,12,CONTAINS,9591.09,1,0.15
66,13,CONTAINS,3496.71,5,0.15
66,78,CONTAINS,5103.06,9,0.15
67,2,CONTAINS,10198.67,19,0.05
67,37,CONTAINS,9732.65,5,0.0
67,62,CONTAINS,8188.14,18,0.2
67,70,CONTAINS,7656.63,11,0.05
68,8,CONTAINS,9088.49,8,0.05
68,52,CONTAINS,5855.53,13,0.2
68,79,CONTAINS,9319.18,7,0.1
68,99,CONTAINS,1759.47,10,0.05
68,101,CONTAINS,1636.38,10,0.2
69,38,CONTAINS,4519.83,8,0.0
69,60,CONTAINS,2238.66,10,0.15
69,62,CONTAINS,8309.31,3,0.0
69,66,CONTAINS,8901.7,4,0.2
69,71,CONTAINS,6475.63,5,0.15
70,82,CONTAINS,6771.08,4,0.2
70,97,CONTAINS,9352.69,18,0.0
71,22,CONTAINS,7798.35,6,0.2
71,45,CONTAINS,7251.91,17,0.0
71,64,CONTAINS,5959.97,15,0.15
72,74,CONTAINS,2355.24,1,0.1
72,90,CONTAINS,2563.89,8,0.2
72,96,CONTAINS,8791.34,3,0.2
73,4,CONTAINS,9813.92,8,0.05
73,55,CONTAINS,7094.49,4,0.05
74,47,CONTAINS,2295.15,7,0.0
74,74,CONTAINS,2327.36,3,0.0
74,87,CONTAINS,3361.88,17,0.1
74,97,CONTAINS,8903.14,18,0.1
75,61,CONTAINS,728.27,2,0.1
75,88,CONTAINS,4719.32,20,0.0
75,92,CONTAINS,8872.95,4,0.1
75,100,CONTAINS,8626.95,14,0.05
76,13,CONTAINS,3761.68,10,0.1
76,18,CONTAINS,5290.49,6,0.1
76,22,CONTAINS,8000.58,12,0.1
76,56,CONTAINS,260.8,13,0.15
76,94,CONTAINS,8940.03,10,0.15
77,94,CONTAINS,9075.88,6,0.2
78,1,CONTAINS,7526.45,17,0.0
78,63,CONTAINS,9058.46,16,0.1
78,95,CONTAINS,8751.55,5,0.1
79,79,CONTAINS,10159.61,10,0.2
79,85,CONTAINS,1554.64,18,0.1
80,10,CONTAINS,1776.39,7,0.1
80,64,CONTAINS,6081.21,4,0.0
80,71,CONTAINS,6419.01,2,0.15
81,18,CONTAINS,5454.49,1,0.0
81,45,CONTAINS,7104.11,15,0.1
81,99,CONTAINS,1637.57,1,0.2
81,101,CONTAINS,1604.71,18,0.15
82,2,CONTAINS,9571.52,11,0.15
82,11,CONTAINS,4467.03,5,0.1
82,52,CONTAINS,5937.4,12,0.2
82,61,CONTAINS,733.83,14,0.0
82,87,CONTAINS,3289.97,5,0.05
83,3,CONTAINS,8447.27,10,0.1
83,22,CONTAINS,7427.73,17,0.15
83,39,CONTAINS,1643.32,4,0.15
84,87,CONTAINS,3486.54,16,0.05
85,12,CONTAINS,9205.09,18,0.2
85,13,CONTAINS,3799.79,7,0.05
85,31,CONTAINS,1334.01,1,0.15
85,96,CONTAINS,8920.34,10,0.2
86,34,CONTAINS,7265.32,8,0.05
86,60,CONTAINS,2228.1,5,0.05
86,74,CONTAINS,2174.76,9,0.15
86,75,CONTAINS,8938.95,19,0.15
86,97,CONTAINS,9507.28,11,0.2
87,1,CONTAINS,7394.76,2,0.2
88,66,CONTAINS,9411.67,14,0.1
89,63,CONTAINS,9319.05,11,0.1
90,43,CONTAINS,4292.21,18,0.15
90,73,CONTAINS,271.87,17,0.0
91,86,CONTAINS,8374.64,9,0.1
91,89,CONTAINS,9373.69,6,0.1
91,93,CONTAINS,5772.71,3,0.1
91,96,CONTAINS,8796.41,12,0.2
91,98,CONTAINS,2780.55,1,0.05
92,14,CONTAINS,8558.92,7,0.2
92,17,CONTAINS,8558.09,3,0.05
92,97,CONTAINS,9483.51,8,0.15
93,28,CONTAINS,224.13,4,0.0
93,43,CONTAINS,4309.63,5,0.2
93,44,CONTAINS,7844.72,4,0.05
93,60,CONTAINS,2207.59,6,0.15
94,6,CONTAINS,5255.74,19,0.05
94,15,CONTAINS,6317.65,11,0.05
94,77,CONTAINS,6815.18,2,0.15
95,16,CONTAINS,8900.71,7,0.05
95,31,CONTAINS,1322.62,10,0.1
95,67,CONTAINS,1487.12,2,0.0
96,60,CONTAINS,2151.84,3,0.2
97,4,CONTAINS,10306.17,4,0.2
97,51,CONTAINS,829.99,7,0.15
97,61,CONTAINS,755.32,19,0.15
97,72,CONTAINS,6277.07,11,0.1
97,76,CONTAINS,7086.51,3,0.0
98,7,CONTAINS,1056.26,19,0.15
98,78,CONTAINS,5230.89,20,0.0
99,86,CONTAINS,8567.21,11,0.2
99,95,CONTAINS,8666.51,10,0.2
100,50,CONTAINS,9494.08,2,0.1
101,8,CONTAINS,9171.86,9,0.1
101,10,CONTAINS,1794.45,14,0.1
101,29,CONTAINS,6156.3,15,0.05
101,79,CONTAINS,9495.66,10,0.15
102,99,CONTAINS,1719.23,10,0.2
103,10,CONTAINS,1874.2,18,0.05
103,19,CONTAINS,7726.73,2,0.15
103,33,CONTAINS,5944.11,8,0.1
103,40,CONTAINS,6353.34,11,0.1
103,94,CONTAINS,8935.96,17,0.1
104,27,CONTAINS,8513.06,6,0.2
104,84,CONTAINS,4103.73,10,0.15
104,93,CONTAINS,5464.7,7,0.05
105,8,CONTAINS,8857.91,8,0.1
105,12,CONTAINS,9264.47,5,0.1
105,45,CONTAINS,7504.46,9,0.1
105,66,CONTAINS,9423.37,12,0.2
105,67,CONTAINS,1456.89,13,0.05
106,2,CONTAINS,10249.71,2,0.0
107,10,CONTAINS,1865.41,3,0.1
107,13,CONTAINS,3493.98,18,0.05
107,36,CONTAINS,9358.88,1,0.05
107,47,CONTAINS,2420.68,13,0.2
107,69,CONTAINS,3958.03,5,0.05
108,76,CONTAINS,7674.83,6,0.2
109,51,CONTAINS,838.31,12,0.0
109,76,CONTAINS,7090.01,18,0.0
109,96,CONTAINS,8458.55,5,0.05
110,74,CONTAINS,2239.87,9,0.0
111,21,CONTAINS,2389.71,19,0.0
111,26,CONTAINS,7873.85,11,0.0
111,43,CONTAINS,4144.21,10,0.1
111,47,CONTAINS,2429.92,11,0.1
111,86,CONTAINS,8556.27,5,0.0
112,32,CONTAINS,1742.74,11,0.15
112,66,CONTAINS,8953.33,16,0.05
112,69,CONTAINS,4064.36,15,0.0
112,79,CONTAINS,9919.99,6,0.15
112,97,CONTAINS,9546.54,10,0.0
113,12,CONTAINS,8930.37,8,0.2
113,31,CONTAINS,1304.64,9,0.2
114,7,CONTAINS,1152.1,14,0.1
114,13,CONTAINS,3702.0,7,0.1
114,48,CONTAINS,794.87,6,0.1
115,65,CONTAINS,6511.98,13,0.15
116,14,CONTAINS,8367.31,13,0.05
116,21,CONTAINS,2532.9,17,0.15
116,28,CONTAINS,230.87,13,0.15
116,85,CONTAINS,1628.95,15,0.05
117,14,CONTAINS,8357.26,16,0.05
117,27,CONTAINS,8457.75,13,0.1
117,60,CONTAINS,2342.96,20,0.2
117,69,CONTAINS,4132.18,1,0.2
117,93,CONTAINS,5497.04,3,0.15
118,11,CONTAINS,4397.82,5,0.0
118,17,CONTAINS,8223.31,20,0.15
118,75,CONTAINS,9504.72,19,0.1
118,79,CONTAINS,9357.51,1,0.1
118,97,CONTAINS,8821.73,14,0.0
119,18,CONTAINS,5274.91,14,0.1
119,53,CONTAINS,3054.92,5,0.0
119,70,CONTAINS,7607.39,18,0.0
119,73,CONTAINS,262.69,13,0.0
119,101,CONTAINS,1689.67,5,0.1
120,21,CONTAINS,2570.73,16,0.1
120,70,CONTAINS,7784.51,2,0.2
120,98,CONTAINS,2549.29,14,0.1
121,37,CONTAINS,10233.85,17,0.1
121,50,CONTAINS,9888.2,18,0.1
121,99,CONTAINS,1685.45,3,0.0
122,14,CONTAINS,8070.09,11,0.2
122,26,CONTAINS,7641.64,6,0.1
122,95,CONTAINS,8561.45,16,0.15
123,31,CONTAINS,1408.07,4,0.2
123,39,CONTAINS,1713.49,14,0.05
123,60,CONTAINS,2363.85,15,0.05
123,89,CONTAINS,9403.12,6,0.0
123,97,CONTAINS,8881.91,4,0.15
124,31,CONTAINS,1385.21,7,0.2
124,69,CONTAINS,4038.95,7,0.15
125,56,CONTAINS,252.44,2,0.2
125,96,CONTAINS,9050.12,14,0.15
125,98,CONTAINS,2548.13,1,0.1
126,11,CONTAINS,4603.72,19,0.1
126,33,CONTAINS,5871.94,20,0.0
127,14,CONTAINS,8188.66,16,0.05
127,73,CONTAINS,252.81,4,0.2
128,7,CONTAINS,1072.51,18,0.1
128,10,CONTAINS,1815.64,2,0.1
129,18,CONTAINS,5178.27,13,0.0
129,23,CONTAINS,8673.79,4,0.2
129,32,CONTAINS,1824.53,17,0.0
129,34,CONTAINS,7515.77,6,0.2
130,71,CONTAINS,6293.02,10,0.0
131,18,CONTAINS,5103.41,15,0.1
131,21,CONTAINS,2430.61,16,0.15
131,101,CONTAINS,1637.09,14,0.1
132,14,CONTAINS,8047.16,19,0.2
132,32,CONTAINS,1830.14,4,0.15
132,50,CONTAINS,10047.11,13,0.1
132,62,CONTAINS,8272.12,2,0.0
132,99,CONTAINS,1609.81,15,0.1
133,12,CONTAINS,9595.29,13,0.2
134,54,CONTAINS,7521.42,4,0.05
135,4,CONTAINS,9532.91,4,0.15
135,39,CONTAINS,1621.01,3,0.2
135,44,CONTAINS,7368.87,5,0.2
135,55,CONTAINS,6670.08,10,0.2
135,89,CONTAINS,9611.79,12,0.15
136,36,CONTAINS,9296.62,10,0.2
137,10,CONTAINS,1779.06,17,0.15
137,16,CONTAINS,8330.28,3,0.1
137,18,CONTAINS,5150.71,16,0.2
138,33,CONTAINS,6297.04,4,0.1
138,38,CONTAINS,4266.61,13,0.1
138,64,CONTAINS,6124.61,17,0.0
138,66,CONTAINS,9473.57,12,0.0
138,101,CONTAINS,1717.27,6,0.15
139,3,CONTAINS,8213.22,12,0.0
139,13,CONTAINS,3607.59,15,0.1
139,28,CONTAINS,237.43,16,0.0
140,72,CONTAINS,6177.46,7,0.1
140,78,CONTAINS,5113.8,10,0.05
140,90,CONTAINS,2600.17,19,0.05
141,32,CONTAINS,1837.2,18,0.0
141,44,CONTAINS,7663.67,11,0.15
141,63,CONTAINS,8962.12,2,0.15
141,75,CONTAINS,9682.47,6,0.2
141,93,CONTAINS,5719.26,8,0.2
142,60,CONTAINS,2203.93,4,0.2
142,66,CONTAINS,9575.87,19,0.05
142,68,CONTAINS,3531.81,8,0.05
142,76,CONTAINS,7622.95,2,0.05
143,21,CONTAINS,2517.27,6,0.0
143,31,CONTAINS,1400.37,13,0.05
143,33,CONTAINS,6210.62,11,0.0
144,28,CONTAINS,235.97,11,0.0
144,31,CONTAINS,1290.58,20,0.05
144,37,CONTAINS,9747.84,8,0.15
144,66,CONTAINS,8793.57,2,0.0
145,43,CONTAINS,4164.62,15,0.1
145,98,CONTAINS,2616.58,11,0.1
146,9,CONTAINS,6722.19,7,0.1
146,33,CONTAINS,6400.87,20,0.05
146,65,CONTAINS,6305.41,13,0.05
146,75,CONTAINS,8850.6,7,0.0
146,101,CONTAINS,1722.18,14,0.0
147,64,CONTAINS,6318.0,17,0.0
147,79,CONTAINS,10204.24,13,0.0
148,37,CONTAINS,9857.63,19,0.05
149,27,CONTAINS,8465.63,4,0.0
149,32,CONTAINS,1807.86,18,0.0
149,59,CONTAINS,5229.49,20,0.2
149,72,CONTAINS,6057.1,3,0.2
150,16,CONTAINS,8378.64,16,0.0
150,17,CONTAINS,8524.37,20,0.15
150,39,CONTAINS,1739.75,19,0.05
150,81,CONTAINS,1455.23,19,0.05
150,85,CONTAINS,1566.58,20,0.2
151,3,CONTAINS,8954.8,2,0.1
151,65,CONTAINS,6670.94,10,0.05
152,62,CONTAINS,8782.15,6,0.0
153,53,CONTAINS,3106.49,14,0.05
154,12,CONTAINS,9574.33,13,0.2
154,22,CONTAINS,7530.65,8,0.05
154,52,CONTAINS,5882.28,7,0.1
154,89,CONTAINS,9533.72,12,0.2
154,100,CONTAINS,8744.82,3,0.2
155,8,CONTAINS,9336.25,2,0.15
155,81,CONTAINS,1471.63,3,0.1
155,87,CONTAINS,3345.59,2,0.1
155,95,CONTAINS,8317.48,1,0.1
155,97,CONTAINS,9332.23,15,0.1
156,11,CONTAINS,4428.86,19,0.15
156,59,CONTAINS,5231.35,13,0.05
156,73,CONTAINS,246.5,6,0.2
156,74,CONTAINS,2330.54,5,0.2
156,79,CONTAINS,9427.18,7,0.05
157,11,CONTAINS,4743.2,8,0.05
158,26,CONTAINS,8070.7,17,0.1
158,37,CONTAINS,10054.19,14,0.1
158,50,CONTAINS,10080.32,8,0.1
158,65,CONTAINS,6216.53,11,0.15
158,92,CONTAINS,8844.93,20,0.0
159,4,CONTAINS,10243.48,5,0.15
159,45,CONTAINS,7099.78,6,0.0
160,9,CONTAINS,6575.72,5,0.0
160,68,CONTAINS,3842.1,9,0.0
161,79,CONTAINS,9702.9,4,0.0
162,99,CONTAINS,1738.68,5,0.15
163,78,CONTAINS,5312.77,17,0.05
164,2,CONTAINS,9976.24,12,0.0
164,50,CONTAINS,10178.59,20,0.0
165,4,CONTAINS,9624.64,4,0.0
165,67,CONTAINS,1579.67,8,0.1
165,95,CONTAINS,8162.79,17,0.05
166,3,CONTAINS,8576.69,4,0.15
166,96,CONTAINS,9110.08,6,0.1
166,98,CONTAINS,2621.25,5,0.0
167,68,CONTAINS,3718.6,13,0.2
167,99,CONTAINS,1635.94,2,0.2
168,56,CONTAINS,275.27,16,0.2
168,69,CONTAINS,4235.53,4,0.15
169,27,CONTAINS,8144.31,10,0.2
169,36,CONTAINS,9023.21,5,0.05
169,59,CONTAINS,5476.41,2,0.0
169,71,CONTAINS,6277.95,8,0.05
170,9,CONTAINS,6958.26,12,0.05
170,35,CONTAINS,3197.35,5,0.2
170,48,CONTAINS,846.74,3,0.05
171,35,CONTAINS,3095.9,14,0.0
171,38,CONTAINS,4396.92,2,0.2
171,52,CONTAINS,6000.59,5,0.05
171,93,CONTAINS,5440.85,14,0.0
171,101,CONTAINS,1713.31,5,0.15
172,72,CONTAINS,6485.58,15,0.1
172,87,CONTAINS,3340.23,16,0.2
173,19,CONTAINS,7620.29,12,0.0
173,21,CONTAINS,2613.76,1,0.15
173,33,CONTAINS,6332.06,1,0.1
173,34,CONTAINS,7564.36,14,0.05
174,17,CONTAINS,8184.04,5,0.2
174,41,CONTAINS,9450.61,8,0.0
174,75,CONTAINS,9291.86,7,0.1
174,78,CONTAINS,4892.55,14,0.0
175,75,CONTAINS,8870.3,9,0.0
176,22,CONTAINS,7471.6,12,0.0
177,8,CONTAINS,9421.83,16,0.05
177,35,CONTAINS,3330.3,20,0.2
177,54,CONTAINS,7235.2,3,0.0
177,66,CONTAINS,9067.43,8,0.0
178,15,CONTAINS,6311.97,18,0.15
178,60,CONTAINS,2336.63,10,0.1
178,63,CONTAINS,9337.88,3,0.1
178,82,CONTAINS,6914.71,6,0.05
178,88,CONTAINS,4669.35,20,0.05
179,24,CONTAINS,6875.5,13,0.1
180,69,CONTAINS,3950.62,7,0.15
181,76,CONTAINS,7418.32,11,0.1
182,7,CONTAINS,1059.99,19,0.0
182,18,CONTAINS,5283.73,15,0.15
183,13,CONTAINS,3533.03,10,0.05
183,43,CONTAINS,4007.54,8,0.05
184,12,CONTAINS,8844.19,19,0.15
184,27,CONTAINS,8006.27,7,0.0
185,18,CONTAINS,5290.22,18,0.1
185,22,CONTAINS,7622.94,14,0.0
185,65,CONTAINS,6418.76,4,0.2
185,88,CONTAINS,4596.29,4,0.2
185,100,CONTAINS,8156.68,7,0.2
186,8,CONTAINS,9059.45,9,0.0
186,10,CONTAINS,1794.55,16,0.15
186,24,CONTAINS,6783.01,8,0.2
186,56,CONTAINS,263.41,9,0.2
187,32,CONTAINS,1745.41,11,0.05
187,47,CONTAINS,2381.09,14,0.2
187,86,CONTAINS,8222.94,2,0.0
187,98,CONTAINS,2695.68,10,0.1
188,4,CONTAINS,10079.16,6,0.1
188,12,CONTAINS,9501.34,7,0.05
188,48,CONTAINS,782.44,14,0.2
189,2,CONTAINS,9524.37,1,0.1
189,11,CONTAINS,4785.37,6,0.0
189,36,CONTAINS,8877.21,10,0.05
189,69,CONTAINS,4166.07,1,0.1
189,90,CONTAINS,2596.22,12,0.05
190,41,CONTAINS,9184.9,7,0.15
190,53,CONTAINS,2820.14,10,0.2
190,71,CONTAINS,6512.94,2,0.15
190,88,CONTAINS,4544.14,15,0.15
191,23,CONTAINS,8538.58,3,0.1
191,26,CONTAINS,8273.32,1,0.15
191,61,CONTAINS,726.45,16,0.05
191,92,CONTAINS,9281.36,19,0.1
192,28,CONTAINS,222.78,11,0.15
193,4,CONTAINS,10169.94,6,0.0
193,7,CONTAINS,1132.08,5,0.05
193,10,CONTAINS,1818.5,9,0.15
193,23,CONTAINS,8319.34,10,0.2
193,65,CONTAINS,6266.94,3,0.1
194,10,CONTAINS,1885.34,13,0.0
194,16,CONTAINS,8308.9,3,0.0
194,31,CONTAINS,1420.61,7,0.0
194,70,CONTAINS,7720.02,2,0.2
194,72,CONTAINS,5993.13,3,0.1
195,32,CONTAINS,1790.47,1,0.0
195,50,CONTAINS,9756.85,5,0.2
195,93,CONTAINS,5627.88,2,0.1
195,96,CONTAINS,8505.17,11,0.05
196,34,CONTAINS,7045.81,12,0.05
196,53,CONTAINS,2906.3,13,0.15
197,9,CONTAINS,7042.33,13,0.15
197,56,CONTAINS,268.06,15,0.15
197,57,CONTAINS,4327.0,19,0.0
198,1,CONTAINS,7844.91,14,0.05
198,10,CONTAINS,1877.33,15,0.0
198,24,CONTAINS,6661.04,5,0.0
198,33,CONTAINS,6355.71,16,0.1
198,40,CONTAINS,6403.52,2,0.15
199,13,CONTAINS,3612.93,13,0.05
199,22,CONTAINS,7838.55,3,0.05
199,72,CONTAINS,6249.46,19,0.15
200,14,CONTAINS,7988.66,1,0.2
200,18,CONTAINS,5094.06,16,0.1
200,22,CONTAINS,7422.83,7,0.15
200,47,CONTAINS,2445.64,13,0.0
200,76,CONTAINS,7388.16,13,0.1
201,23,CONTAINS,8858.37,4,0.0
202,7,CONTAINS,1113.06,9,0.1
202,15,CONTAINS,6040.27,7,0.2
202,61,CONTAINS,752.14,8,0.0
202,99,CONTAINS,1706.58,19,0.0
203,11,CONTAINS,4494.38,14,0.1
203,53,CONTAINS,3098.99,15,0.0
203,62,CONTAINS,8638.33,1,0.05
203,64,CONTAINS,5866.72,14,0.2
203,87,CONTAINS,3456.55,12,0.15
204,26,CONTAINS,8232.68,20,0.0
204,69,CONTAINS,4120.19,7,0.2
204,77,CONTAINS,6665.37,1,0.2
205,41,CONTAINS,9110.14,20,0.05
205,76,CONTAINS,7675.59,15,0.1
205,93,CONTAINS,5502.76,8,0.15
206,81,CONTAINS,1426.7,8,0.0
207,3,CONTAINS,8612.65,16,0.05
207,22,CONTAINS,7452.61,4,0.2
207,91,CONTAINS,3142.73,11,0.05
208,24,CONTAINS,6940.2,1,0.15
208,37,CONTAINS,9820.65,1,0.15
208,48,CONTAINS,828.42,16,0.0
208,73,CONTAINS,267.79,7,0.1
208,99,CONTAINS,1629.92,10,0.1
209,25,CONTAINS,9205.6,20,0.2
209,55,CONTAINS,7079.26,9,0.2
209,69,CONTAINS,4106.95,9,0.0
209,79,CONTAINS,9489.87,14,0.0
209,94,CONTAINS,9576.06,12,0.15
210,23,CONTAINS,8348.47,15,0.2
210,41,CONTAINS,9217.35,13,0.0
210,53,CONTAINS,2984.89,12,0.2
210,69,CONTAINS,4223.39,17,0.2
210,91,CONTAINS,3165.23,15,0.05
211,23,CONTAINS,8276.72,6,0.15
211,86,CONTAINS,8074.81,3,0.0
212,18,CONTAINS,5574.06,15,0.15
212,46,CONTAINS,2054.16,1,0.0
212,101,CONTAINS,1715.17,11,0.0
213,5,CONTAINS,4850.76,16,0.2
213,56,CONTAINS,256.29,9,0.0
213,100,CONTAINS,8275.18,1,0.0
214,29,CONTAINS,6096.56,2,0.15
214,62,CONTAINS,8543.73,15,0.1
214,93,CONTAINS,5623.76,18,0.15
215,2,CONTAINS,10051.49,16,0.2
215,10,CONTAINS,1848.29,6,0.05
215,12,CONTAINS,8843.53,7,0.05
215,36,CONTAINS,9013.96,5,0.1
215,81,CONTAINS,1473.51,13,0.05
216,11,CONTAINS,4839.87,4,0.15
217,10,CONTAINS,1851.84,9,0.05
217,62,CONTAINS,8461.99,2,0.2
218,2,CONTAINS,10013.74,8,0.2
218,45,CONTAINS,7351.94,17,0.0
218,65,CONTAINS,6594.51,4,0.1
218,99,CONTAINS,1738.84,1,0.05
218,101,CONTAINS,1663.73,4,0.05
219,43,CONTAINS,4231.82,2,0.0
219,64,CONTAINS,6043.17,13,0.2
219,69,CONTAINS,3907.26,16,0.15
219,93,CONTAINS,5727.13,19,0.0
220,56,CONTAINS,254.6,1,0.1
220,63,CONTAINS,8686.77,14,0.05
220,88,CONTAINS,4430.21,15,0.2
220,91,CONTAINS,3212.03,8,0.05
220,100,CONTAINS,8258.38,6,0.05
221,11,CONTAINS,4747.64,5,0.2
221,82,CONTAINS,6945.52,9,0.15
221,91,CONTAINS,3023.27,3,0.2
222,24,CONTAINS,6456.03,17,0.05
222,44,CONTAINS,7402.41,16,0.15
222,76,CONTAINS,7098.6,4,0.1
222,96,CONTAINS,9025.31,6,0.05
223,36,CONTAINS,8647.33,18,0.1
223,85,CONTAINS,1517.05,12,0.0
223,96,CONTAINS,8893.79,15,0.1
223,99,CONTAINS,1684.13,3,0.1
224,5,CONTAINS,4918.74,10,0.05
225,14,CONTAINS,8357.31,4,0.0
225,32,CONTAINS,1734.76,1,0.05
225,70,CONTAINS,8027.58,19,0.1
225,77,CONTAINS,6827.77,15,0.1
226,32,CONTAINS,1860.91,15,0.2
226,39,CONTAINS,1749.06,14,0.05
226,47,CONTAINS,2401.55,11,0.05
227,4,CONTAINS,10249.01,4,0.2
227,16,CONTAINS,8163.07,13,0.15
227,45,CONTAINS,7081.02,20,0.05
227,65,CONTAINS,6757.88,10,0.2
227,99,CONTAINS,1632.12,19,0.05
228,11,CONTAINS,4744.79,4,0.15
228,29,CONTAINS,6203.79,12,0.05
228,85,CONTAINS,1516.88,12,0.05
228,92,CONTAINS,9258.59,8,0.1
229,65,CONTAINS,6754.37,19,0.05
230,4,CONTAINS,9910.17,17,0.15
231,5,CONTAINS,4757.71,13,0.1
231,45,CONTAINS,7117.45,1,0.2
231,73,CONTAINS,258.28,17,0.2
231,91,CONTAINS,3052.52,14,0.05
232,26,CONTAINS,7680.1,6,0.0
233,34,CONTAINS,7080.76,19,0.15
233,99,CONTAINS,1644.47,3,0.15
234,39,CONTAINS,1708.74,5,0.2
234,62,CONTAINS,8350.6,3,0.0
235,16,CONTAINS,8402.92,16,0.05
235,91,CONTAINS,3043.02,20,0.2
236,4,CONTAINS,10456.33,3,0.2
236,22,CONTAINS,7499.74,18,0.0
236,34,CONTAINS,7565.35,15,0.05
236,64,CONTAINS,6165.88,11,0.1
236,100,CONTAINS,8764.72,16,0.0
237,40,CONTAINS,6159.24,17,0.15
237,54,CONTAINS,7431.2,12,0.1
237,101,CONTAINS,1731.89,7,0.15
238,5,CONTAINS,5110.85,7,0.1
238,18,CONTAINS,5197.34,10,0.1
238,43,CONTAINS,4159.65,6,0.2
238,79,CONTAINS,10277.0,13,0.15
239,3,CONTAINS,8568.39,2,0.05
239,89,CONTAINS,9567.43,11,0.2
240,6,CONTAINS,5718.85,5,0.15
240,9,CONTAINS,6854.14,10,0.0
240,19,CONTAINS,7731.01,8,0.0
240,34,CONTAINS,7305.35,14,0.15
241,48,CONTAINS,853.49,11,0.1
241,53,CONTAINS,2993.57,14,0.05
241,59,CONTAINS,5606.57,4,0.15
242,19,CONTAINS,7390.95,17,0.05
242,64,CONTAINS,6312.07,2,0.05
242,97,CONTAINS,9095.26,5,0.2
243,77,CONTAINS,7313.89,19,0.15
244,38,CONTAINS,4550.16,16,0.2
244,82,CONTAINS,6864.13,4,0.05
244,91,CONTAINS,3112.72,15,0.1
245,13,CONTAINS,3747.07,15,0.0
245,25,CONTAINS,10044.69,13,0.0
245,88,CONTAINS,4638.88,20,0.05
245,90,CONTAINS,2639.87,2,0.15
246,36,CONTAINS,9477.28,3,0.0
246,44,CONTAINS,7562.27,14,0.0
246,52,CONTAINS,6032.31,15,0.15
246,71,CONTAINS,6174.98,16,0.05
246,78,CONTAINS,4995.25,9,0.05
247,24,CONTAINS,6952.17,4,0.1
247,47,CONTAINS,2292.98,6,0.15
247,77,CONTAINS,6715.05,8,0.1
247,93,CONTAINS,5615.83,5,0.05
248,4,CONTAINS,9562.63,9,0.1
248,19,CONTAINS,7728.85,6,0.15
248,56,CONTAINS,264.22,8,0.0
248,73,CONTAINS,261.7,9,0.1
249,87,CONTAINS,3376.78,6,0.0
249,89,CONTAINS,9069.37,14,0.15
250,40,CONTAINS,6261.08,20,0.2
250,74,CONTAINS,2196.35,11,0.15
251,45,CONTAINS,7140.7,15,0.2
251,64,CONTAINS,5909.75,19,0.15
252,23,CONTAINS,8864.42,18,0.0
252,51,CONTAINS,898.09,8,0.0
253,59,CONTAINS,5539.48,10,0.15
253,84,CONTAINS,3880.01,1,0.1
254,24,CONTAINS,6559.23,8,0.05
255,19,CONTAINS,7198.91,13,0.05
255,59,CONTAINS,5446.12,10,0.15
255,70,CONTAINS,7749.94,5,0.05
256,5,CONTAINS,4900.86,16,0.15
256,6,CONTAINS,5720.09,11,0.1
256,14,CONTAINS,8065.02,7,0.15
256,66,CONTAINS,9142.28,9,0.1
256,72,CONTAINS,6204.73,5,0.0
257,22,CONTAINS,7346.06,5,0.1
257,33,CONTAINS,5907.13,13,0.05
257,36,CONTAINS,8688.63,5,0.15
257,81,CONTAINS,1402.82,8,0.2
258,8,CONTAINS,9493.3,7,0.1
258,64,CONTAINS,5925.83,17,0.15
258,82,CONTAINS,7163.59,4,0.2
258,92,CONTAINS,8688.53,9,0.2
258,99,CONTAINS,1759.69,1,0.15
259,57,CONTAINS,4332.56,2,0.2
259,95,CONTAINS,8351.26,15,0.0
260,9,CONTAINS,6702.09,13,0.15
260,90,CONTAINS,2564.06,17,0.0
261,99,CONTAINS,1750.34,16,0.05
262,1,CONTAINS,7836.62,5,0.15
262,46,CONTAINS,1991.39,11,0.15
262,70,CONTAINS,7823.45,11,0.05
262,86,CONTAINS,8676.82,7,0.15
262,94,CONTAINS,9093.29,12,0.15
263,16,CONTAINS,8589.11,19,0.15
263,18,CONTAINS,5424.75,1,0.0
263,47,CONTAINS,2513.28,14,0.0
263,76,CONTAINS,7733.78,17,0.1
263,78,CONTAINS,5299.78,14,0.0
264,27,CONTAINS,8111.04,19,0.1
264,35,CONTAINS,3185.69,12,0.2
265,1,CONTAINS,7402.8,5,0.15
265,27,CONTAINS,7881.25,3,0.05
265,82,CONTAINS,7451.46,5,0.05
265,93,CONTAINS,5757.68,14,0.0
266,10,CONTAINS,1835.6,11,0.1
266,52,CONTAINS,5975.07,7,0.0
266,56,CONTAINS,260.87,19,0.0
266,91,CONTAINS,3155.47,9,0.05
267,29,CONTAINS,5822.57,14,0.1
267,47,CONTAINS,2381.88,18,0.1
267,94,CONTAINS,8696.8,14,0.05
268,7,CONTAINS,1104.84,2,0.2
268,19,CONTAINS,7266.39,19,0.1
268,75,CONTAINS,9596.54,19,0.0
268,77,CONTAINS,7222.21,9,0.1
268,84,CONTAINS,3974.54,5,0.2
269,21,CONTAINS,2544.61,5,0.2
269,98,CONTAINS,2770.3,14,0.2
270,48,CONTAINS,827.73,18,0.15
270,95,CONTAINS,8219.14,20,0.2
271,3,CONTAINS,8390.91,13,0.2
272,11,CONTAINS,4651.08,8,0.1
272,73,CONTAINS,268.92,11,0.0
273,21,CONTAINS,2529.69,18,0.2
273,64,CONTAINS,6131.17,19,0.05
273,70,CONTAINS,7956.46,8,0.05
274,11,CONTAINS,4693.71,12,0.1
275,11,CONTAINS,4646.95,1,0.0
275,69,CONTAINS,4113.14,2,0.1
275,100,CONTAINS,8777.05,6,0.2
276,47,CONTAINS,2293.46,4,0.05
276,51,CONTAINS,904.98,19,0.0
276,57,CONTAINS,4146.06,15,0.0
277,61,CONTAINS,770.82,3,0.2
277,65,CONTAINS,6340.4,3,0.0
278,10,CONTAINS,1888.05,12,0.05
278,11,CONTAINS,4502.23,3,0.15
278,23,CONTAINS,8283.88,18,0.2
278,59,CONTAINS,5144.13,6,0.0
279,33,CONTAINS,6127.32,10,0.15
279,51,CONTAINS,886.47,10,0.05
279,72,CONTAINS,5911.46,5,0.0
280,5,CONTAINS,5204.39,6,0.1
280,15,CONTAINS,6310.59,5,0.2
280,21,CONTAINS,2416.59,18,0.1
280,55,CONTAINS,6570.35,20,0.0
280,74,CONTAINS,2166.28,11,0.05
281,77,CONTAINS,6727.6,9,0.0
281,78,CONTAINS,5270.55,11,0.0
282,11,CONTAINS,4839.44,15,0.15
282,16,CONTAINS,8853.49,8,0.15
282,19,CONTAINS,7588.06,1,0.05
282,79,CONTAINS,9965.6,2,0.1
283,32,CONTAINS,1886.08,1,0.15
283,73,CONTAINS,267.32,18,0.15
284,31,CONTAINS,1407.18,15,0.05
285,34,CONTAINS,7308.34,1,0.1
285,45,CONTAINS,7310.11,1,0.2
285,75,CONTAINS,9173.41,14,0.15
286,11,CONTAINS,4718.9,15,0.0
286,33,CONTAINS,6450.12,3,0.1
286,68,CONTAINS,3848.27,17,0.0
286,96,CONTAINS,8672.54,14,0.1
287,13,CONTAINS,3777.66,9,0.1
287,39,CONTAINS,1725.66,4,0.05
287,70,CONTAINS,7564.93,9,0.15
288,41,CONTAINS,9668.69,4,0.0
288,60,CONTAINS,2219.05,13,0.1
288,72,CONTAINS,6072.57,11,0.05
289,21,CONTAINS,2385.61,9,0.1
290,2,CONTAINS,10149.54,10,0.1
290,100,CONTAINS,8483.59,1,0.05
291,10,CONTAINS,1838.34,16,0.05
291,19,CONTAINS,7343.86,6,0.05
291,67,CONTAINS,1583.14,6,0.05
292,44,CONTAINS,7851.83,13,0.2
292,60,CONTAINS,2178.84,14,0.1
292,69,CONTAINS,4191.51,3,0.0
292,82,CONTAINS,7105.44,9,0.0
292,91,CONTAINS,3186.11,4,0.05
293,22,CONTAINS,7480.46,15,0.1
293,33,CONTAINS,5938.24,15,0.15
294,2,CONTAINS,10179.26,7,0.15
294,26,CONTAINS,7677.64,18,0.1
294,60,CONTAINS,2229.38,3,0.0
294,78,CONTAINS,4889.84,10,0.15
294,88,CONTAINS,4414.67,11,0.1
295,82,CONTAINS,6952.49,9,0.2
295,88,CONTAINS,4453.92,5,0.05
295,95,CONTAINS,8488.21,17,0.0
296,70,CONTAINS,7615.25,17,0.05
297,59,CONTAINS,5487.31,7,0.1
298,24,CONTAINS,6694.83,16,0.1
299,7,CONTAINS,1140.35,8,0.1
299,17,CONTAINS,8440.04,6,0.2
299,41,CONTAINS,9551.85,5,0.1
299,74,CONTAINS,2219.19,9,0.2
300,14,CONTAINS,8407.11,12,0.2
300,19,CONTAINS,7517.77,12,0.1
300,56,CONTAINS,256.72,7,0.05
301,9,CONTAINS,7186.65,20,0.2
301,71,CONTAINS,6568.54,10,0.05
301,91,CONTAINS,3030.2,9,0.05
302,21,CONTAINS,2430.38,4,0.2
302,66,CONTAINS,9480.63,3,0.05
302,76,CONTAINS,7574.83,6,0.2
302,78,CONTAINS,5090.46,14,0.1
302,86,CONTAINS,8632.9,6,0.1
303,68,CONTAINS,3520.56,15,0.2
304,50,CONTAINS,10318.77,2,0.1
304,51,CONTAINS,871.62,18,0.15
304,54,CONTAINS,7150.16,12,0.05
304,75,CONTAINS,8943.73,6,0.0
304,93,CONTAINS,5815.67,13,0.05
305,8,CONTAINS,8866.71,6,0.2
305,33,CONTAINS,6121.3,14,0.0
305,52,CONTAINS,5980.55,1,0.15
305,88,CONTAINS,4674.46,14,0.0
305,100,CONTAINS,8461.62,12,0.0
306,2,CONTAINS,10208.35,5,0.15
306,88,CONTAINS,4503.92,12,0.05
307,22,CONTAINS,7861.31,16,0.2
307,29,CONTAINS,6364.74,13,0.0
307,32,CONTAINS,1721.46,13,0.0
307,87,CONTAINS,3268.07,20,0.0
307,92,CONTAINS,8854.12,9,0.2
308,23,CONTAINS,8788.15,16,0.1
308,57,CONTAINS,4161.33,14,0.2
308,86,CONTAINS,8369.83,1,0.05
309,18,CONTAINS,5449.54,1,0.05
309,48,CONTAINS,806.16,9,0.15
310,9,CONTAINS,6687.97,4,0.05
311,37,CONTAINS,10191.45,15,0.05
312,40,CONTAINS,6195.12,5,0.0
312,52,CONTAINS,5590.81,15,0.1
312,67,CONTAINS,1511.22,13,0.2
312,85,CONTAINS,1551.75,5,0.0
313,3,CONTAINS,8818.15,3,0.1
313,8,CONTAINS,9349.82,10,0.05
313,13,CONTAINS,3562.76,12,0.0
313,23,CONTAINS,8343.48,8,0.2
313,28,CONTAINS,237.09,3,0.1
314,25,CONTAINS,9528.43,16,0.15
314,34,CONTAINS,7468.51,16,0.15
314,99,CONTAINS,1695.26,14,0.0
315,53,CONTAINS,2922.97,14,0.1
315,71,CONTAINS,6446.46,4,0.1
315,94,CONTAINS,8981.04,11,0.2
316,34,CONTAINS,7513.84,4,0.15
316,70,CONTAINS,7868.09,17,0.1
316,71,CONTAINS,6267.52,15,0.1
316,98,CONTAINS,2694.27,4,0.1
317,4,CONTAINS,10365.53,12,0.2
317,9,CONTAINS,6941.94,4,0.1
317,22,CONTAINS,7695.34,20,0.2
318,97,CONTAINS,9070.98,19,0.15
319,10,CONTAINS,1889.35,9,0.05
319,52,CONTAINS,6039.43,10,0.2
319,55,CONTAINS,6734.5,3,0.05
319,64,CONTAINS,5816.61,14,0.15
319,90,CONTAINS,2443.87,11,0.0
320,14,CONTAINS,8602.32,16,0.1
320,27,CONTAINS,8201.2,20,0.0
320,44,CONTAINS,8001.66,4,0.0
320,84,CONTAINS,4054.76,5,0.1
321,67,CONTAINS,1474.41,3,0.1
321,76,CONTAINS,7405.77,8,0.0
321,101,CONTAINS,1699.31,20,0.0
322,9,CONTAINS,6637.66,7,0.2
322,81,CONTAINS,1369.45,1,0.05
323,28,CONTAINS,230.81,20,0.2
324,23,CONTAINS,8357.36,4,0.15
325,40,CONTAINS,6153.8,19,0.1
326,91,CONTAINS,3031.8,7,0.0
327,22,CONTAINS,7806.47,16,0.1
328,16,CONTAINS,8842.1,2,0.2
329,37,CONTAINS,10020.2,19,0.05
329,55,CONTAINS,6673.94,20,0.2
330,54,CONTAINS,7060.04,17,0.05
330,62,CONTAINS,8151.81,18,0.2
330,71,CONTAINS,6173.04,15,0.05
331,47,CONTAINS,2386.84,18,0.1
332,26,CONTAINS,7702.28,18,0.1
332,29,CONTAINS,6157.26,3,0.1
333,94,CONTAINS,8912.41,15,0.2
334,1,CONTAINS,7285.77,19,0.15
335,5,CONTAINS,4947.74,14,0.1
335,7,CONTAINS,1084.8,7,0.2
335,25,CONTAINS,9358.28,18,0.15
335,71,CONTAINS,6540.78,8,0.0
335,97,CONTAINS,8757.11,3,0.2
336,29,CONTAINS,5850.13,17,0.2
336,31,CONTAINS,1361.83,8,0.15
336,46,CONTAINS,2113.72,5,0.0
336,84,CONTAINS,3868.81,4,0.2
336,89,CONTAINS,8819.68,3,0.1
337,23,CONTAINS,8486.06,1,0.15
338,6,CONTAINS,5611.18,2,0.15
338,53,CONTAINS,2961.45,20,0.1
338,56,CONTAINS,260.8,1,0.0
338,90,CONTAINS,2486.11,9,0.15
338,92,CONTAINS,9035.14,4,0.2
339,12,CONTAINS,9358.96,1,0.1
339,54,CONTAINS,7324.78,1,0.05
339,55,CONTAINS,6925.21,12,0.05
339,78,CONTAINS,5165.75,15,0.1
340,2,CONTAINS,9987.99,19,0.1
340,62,CONTAINS,8133.4,10,0.1
340,79,CONTAINS,9612.1,9,0.15
340,95,CONTAINS,8719.74,14,0.2
341,1,CONTAINS,7953.43,19,0.05
341,2,CONTAINS,10186.71,19,0.15
341,37,CONTAINS,9502.86,20,0.2
342,59,CONTAINS,5372.47,14,0.15
342,78,CONTAINS,4856.03,12,0.0
343,24,CONTAINS,6782.96,3,0.15
343,28,CONTAINS,229.96,1,0.0
343,94,CONTAINS,9095.7,4,0.2
344,59,CONTAINS,5319.92,12,0.05
345,18,CONTAINS,5286.11,8,0.1
345,84,CONTAINS,4165.11,16,0.05
345,90,CONTAINS,2478.94,18,0.0
346,26,CONTAINS,7916.76,9,0.2
346,101,CONTAINS,1721.0,19,0.15
347,7,CONTAINS,1093.72,19,0.2
347,17,CONTAINS,8115.47,12,0.05
347,29,CONTAINS,6217.76,11,0.2
347,35,CONTAINS,3136.62,2,0.05
347,46,CONTAINS,2135.84,1,0.15
348,25,CONTAINS,10079.02,6,0.0
348,39,CONTAINS,1631.99,4,0.05
348,44,CONTAINS,7926.96,14,0.15
348,68,CONTAINS,3687.3,9,0.1
348,91,CONTAINS,3044.35,20,0.2
349,1,CONTAINS,7488.38,16,0.05
349,28,CONTAINS,241.71,17,0.05
349,54,CONTAINS,7761.33,18,0.2
349,55,CONTAINS,6783.77,19,0.2
349,70,CONTAINS,7747.72,11,0.05
350,52,CONTAINS,5876.52,8,0.15
350,85,CONTAINS,1494.84,11,0.1
350,87,CONTAINS,3505.92,9,0.1
351,12,CONTAINS,8795.98,5,0.05
351,50,CONTAINS,10196.75,2,0.2
351,57,CONTAINS,3999.19,3,0.1
351,76,CONTAINS,7488.46,4,0.2
351,92,CONTAINS,8947.36,14,0.15
352,17,CONTAINS,8091.92,3,0.0
352,53,CONTAINS,2990.29,16,0.05
352,78,CONTAINS,5105.05,7,0.05
352,86,CONTAINS,8365.1,13,0.0
353,14,CONTAINS,8612.11,6,0.2
353,25,CONTAINS,9710.96,10,0.2
353,26,CONTAINS,8192.48,15,0.15
353,66,CONTAINS,9555.75,10,0.15
354,11,CONTAINS,4723.42,14,0.05
354,88,CONTAINS,4588.04,19,0.1
355,19,CONTAINS,7713.89,14,0.2
356,79,CONTAINS,9436.91,10,0.05
357,21,CONTAINS,2481.58,8,0.0
357,40,CONTAINS,6484.08,3,0.05
357,46,CONTAINS,1996.26,5,0.15
357,61,CONTAINS,791.75,3,0.2
358,84,CONTAINS,4190.66,7,0.1
359,73,CONTAINS,261.7,5,0.15
359,91,CONTAINS,3187.39,12,0.05
360,19,CONTAINS,7316.72,2,0.0
360,41,CONTAINS,9420.17,13,0.2
361,22,CONTAINS,7450.72,10,0.0
361,48,CONTAINS,842.89,1,0.2
361,55,CONTAINS,6884.98,19,0.1
362,60,CONTAINS,2156.23,19,0.2
362,68,CONTAINS,3497.1,16,0.1
362,87,CONTAINS,3228.99,4,0.15
362,92,CONTAINS,8889.17,18,0.1
362,95,CONTAINS,8125.42,2,0.2
363,73,CONTAINS,258.83,7,0.15
364,52,CONTAINS,5549.15,1,0.15
364,62,CONTAINS,8443.08,9,0.15
364,77,CONTAINS,7213.58,10,0.0
365,16,CONTAINS,8818.28,18,0.15
365,27,CONTAINS,8353.03,4,0.15
365,40,CONTAINS,5964.47,6,0.0
365,91,CONTAINS,3191.67,20,0.2
366,32,CONTAINS,1788.82,2,0.1
366,45,CONTAINS,7577.22,18,0.2
366,85,CONTAINS,1572.3,16,0.15
367,16,CONTAINS,8520.61,5,0.0
367,79,CONTAINS,9418.57,20,0.0
367,81,CONTAINS,1396.34,10,0.05
367,89,CONTAINS,9275.14,8,0.05
367,100,CONTAINS,8144.51,8,0.15
368,3,CONTAINS,8475.11,15,0.1
368,5,CONTAINS,4987.85,2,0.15
368,47,CONTAINS,2400.32,10,0.2
368,64,CONTAINS,6171.8,20,0.15
368,99,CONTAINS,1704.08,16,0.2
369,22,CONTAINS,7255.88,8,0.05
370,22,CONTAINS,7784.12,16,0.15
370,27,CONTAINS,8251.74,1,0.0
370,37,CONTAINS,10006.65,4,0.05
370,56,CONTAINS,252.78,8,0.0
371,7,CONTAINS,1124.93,9,0.05
371,13,CONTAINS,3659.34,13,0.2
371,23,CONTAINS,8803.47,13,0.15
371,72,CONTAINS,6052.25,1,0.05
371,94,CONTAINS,9199.92,6,0.2
372,10,CONTAINS,1835.98,7,0.1
372,40,CONTAINS,6021.45,18,0.15
372,95,CONTAINS,8274.05,10,0.2
373,19,CONTAINS,7280.05,20,0.15
373,88,CONTAINS,4546.96,16,0.0
373,92,CONTAINS,8705.8,13,0.15
374,3,CONTAINS,8271.98,12,0.0
374,14,CONTAINS,8584.57,8,0.1
374,19,CONTAINS,7218.53,16,0.1
374,33,CONTAINS,6444.57,11,0.1
374,51,CONTAINS,838.28,7,0.15
375,10,CONTAINS,1807.86,9,0.15
376,41,CONTAINS,9351.25,16,0.1
377,17,CONTAINS,8577.68,17,0.1
377,22,CONTAINS,7940.4,13,0.1
377,29,CONTAINS,6234.05,18,0.1
377,74,CONTAINS,2366.08,10,0.15
378,4,CONTAINS,9514.09,8,0.2
378,28,CONTAINS,221.52,5,0.2
378,31,CONTAINS,1318.56,8,0.0
378,48,CONTAINS,781.05,10,0.15
378,71,CONTAINS,6604.03,3,0.0
379,10,CONTAINS,1814.62,17,0.1
379,78,CONTAINS,5006.69,11,0.05
379,84,CONTAINS,4063.42,10,0.15
379,92,CONTAINS,8611.59,4,0.15
380,8,CONTAINS,8697.58,5,0.05
380,9,CONTAINS,7138.88,1,0.1
380,10,CONTAINS,1778.38,13,0.15
380,65,CONTAINS,6580.14,2,0.2
380,72,CONTAINS,6028.99,8,0.2
381,6,CONTAINS,5734.31,5,0.2
381,24,CONTAINS,6411.37,17,0.05
381,57,CONTAINS,4309.92,13,0.05
381,84,CONTAINS,3918.39,4,0.2
382,12,CONTAINS,9275.51,11,0.0
382,94,CONTAINS,9139.0,13,0.0
383,13,CONTAINS,3551.77,11,0.05
383,34,CONTAINS,7057.08,17,0.05
383,52,CONTAINS,5808.17,20,0.15
383,86,CONTAINS,8150.77,11,0.2
384,65,CONTAINS,6274.6,6,0.0
385,3,CONTAINS,8835.21,5,0.1
386,75,CONTAINS,8964.46,15,0.15
386,78,CONTAINS,5237.06,13,0.0
387,1,CONTAINS,7567.97,15,0.1
387,32,CONTAINS,1880.43,13,0.15
387,44,CONTAINS,7444.61,15,0.1
388,1,CONTAINS,7568.28,20,0.1
388,56,CONTAINS,261.12,16,0.15
389,35,CONTAINS,3189.03,20,0.0
389,40,CONTAINS,6146.03,4,0.0
390,2,CONTAINS,10386.8,6,0.0
390,26,CONTAINS,7779.32,6,0.0
390,62,CONTAINS,8745.8,6,0.1
390,68,CONTAINS,3613.52,2,0.1
391,2,CONTAINS,10288.5,18,0.1
391,16,CONTAINS,8486.05,13,0.0
391,70,CONTAINS,8074.08,6,0.0
392,93,CONTAINS,5474.21,7,0.05
393,2,CONTAINS,9736.72,6,0.2
393,17,CONTAINS,8566.41,3,0.0
393,45,CONTAINS,7559.32,3,0.05
393,76,CONTAINS,7446.55,8,0.15
394,50,CONTAINS,9923.77,20,0.1
394,52,CONTAINS,5849.3,7,0.1
394,57,CONTAINS,4082.41,1,0.1
394,71,CONTAINS,6701.3,6,0.0
394,72,CONTAINS,6091.38,7,0.0
395,54,CONTAINS,7479.94,9,0.1
395,66,CONTAINS,9516.62,7,0.1
396,1,CONTAINS,7646.76,8,0.2
396,36,CONTAINS,9194.49,15,0.1
396,40,CONTAINS,6079.88,3,0.15
396,87,CONTAINS,3341.96,12,0.1
397,61,CONTAINS,762.44,3,0.0
397,67,CONTAINS,1492.13,17,0.15
398,29,CONTAINS,5765.56,18,0.1
398,54,CONTAINS,7275.14,18,0.2
398,56,CONTAINS,264.06,6,0.2
398,65,CONTAINS,6195.52,2,0.1
399,6,CONTAINS,5515.85,13,0.05
399,9,CONTAINS,6898.7,1,0.2
399,61,CONTAINS,733.62,5,0.05
400,14,CONTAINS,8326.79,15,0.2
400,48,CONTAINS,816.5,4,0.05
401,40,CONTAINS,6191.46,7,0.15
401,101,CONTAINS,1582.27,9,0.0
402,31,CONTAINS,1326.76,17,0.15
402,50,CONTAINS,9419.54,20,0.05
402,52,CONTAINS,6056.68,13,0.1
402,77,CONTAINS,7292.88,20,0.15
402,100,CONTAINS,8238.33,17,0.05
403,11,CONTAINS,4580.88,9,0.05
403,16,CONTAINS,8461.69,2,0.15
403,34,CONTAINS,7282.3,16,0.1
403,67,CONTAINS,1471.51,9,0.2
403,90,CONTAINS,2510.13,12,0.2
404,15,CONTAINS,6526.23,11,0.15
404,41,CONTAINS,9090.99,16,0.05
404,44,CONTAINS,7710.52,3,0.15
404,50,CONTAINS,10215.24,16,0.0
405,9,CONTAINS,7151.86,2,0.2
405,61,CONTAINS,786.81,15,0.1
405,84,CONTAINS,4105.92,6,0.2
406,71,CONTAINS,6068.38,7,0.1
406,75,CONTAINS,9206.19,6,0.05
407,84,CONTAINS,3932.31,15,0.05
407,98,CONTAINS,2780.49,7,0.15
408,13,CONTAINS,3740.06,5,0.2
408,50,CONTAINS,9955.06,5,0.2
408,66,CONTAINS,9523.89,11,0.1
408,69,CONTAINS,4268.62,11,0.05
408,89,CONTAINS,8775.7,8,0.1
409,13,CONTAINS,3818.17,12,0.2
409,27,CONTAINS,8505.8,11,0.15
409,53,CONTAINS,3057.04,10,0.1
409,64,CONTAINS,5955.93,16,0.1
409,86,CONTAINS,8036.14,16,0.05
410,9,CONTAINS,6809.78,16,0.1
410,26,CONTAINS,7961.15,4,0.1
410,47,CONTAINS,2505.98,8,0.2
410,95,CONTAINS,8505.66,17,0.2
411,39,CONTAINS,1669.29,12,0.05
411,47,CONTAINS,2374.6,1,0.05
411,66,CONTAINS,9554.82,7,0.05
411,74,CONTAINS,2341.47,11,0.15
411,78,CONTAINS,5235.78,4,0.15
412,1,CONTAINS,7619.36,11,0.0
412,6,CONTAINS,5697.9,11,0.05
412,25,CONTAINS,9627.5,17,0.2
412,93,CONTAINS,5794.21,11,0.1
413,10,CONTAINS,1921.83,10,0.15
413,26,CONTAINS,7539.41,12,0.15
414,22,CONTAINS,7415.45,16,0.1
414,27,CONTAINS,8394.51,14,0.0
414,34,CONTAINS,7457.84,8,0.1
414,56,CONTAINS,258.09,10,0.0
414,70,CONTAINS,7913.8,1,0.2
415,34,CONTAINS,7444.0,16,0.2
415,48,CONTAINS,775.3,20,0.0
415,79,CONTAINS,9570.49,9,0.1
415,86,CONTAINS,8299.15,3,0.15
416,55,CONTAINS,6509.48,14,0.15
417,3,CONTAINS,8441.68,2,0.0
417,11,CONTAINS,4826.25,15,0.05
417,16,CONTAINS,8726.16,17,0.2
417,54,CONTAINS,7637.46,10,0.2
417,100,CONTAINS,8896.27,11,0.15
418,25,CONTAINS,9300.1,5,0.05
418,62,CONTAINS,8424.82,1,0.05
418,66,CONTAINS,9125.96,19,0.0
419,48,CONTAINS,786.22,13,0.05
419,77,CONTAINS,6906.2,7,0.0
420,8,CONTAINS,8941.8,6,0.1
420,44,CONTAINS,7364.04,3,0.2
421,8,CONTAINS,9326.88,1,0.15
421,11,CONTAINS,4733.97,7,0.1
421,17,CONTAINS,7812.72,11,0.2
421,69,CONTAINS,4217.3,5,0.15
422,37,CONTAINS,9811.13,5,0.0
422,54,CONTAINS,7400.32,15,0.1
423,1,CONTAINS,7785.35,8,0.0
423,4,CONTAINS,9975.88,10,0.05
423,5,CONTAINS,5136.19,2,0.05
423,94,CONTAINS,9232.27,9,0.0
423,98,CONTAINS,2606.04,1,0.0
424,3,CONTAINS,8885.8,12,0.15
424,29,CONTAINS,5924.77,19,0.1
424,38,CONTAINS,4318.7,6,0.2
424,93,CONTAINS,5838.05,4,0.15
425,17,CONTAINS,8297.57,18,0.15
425,25,CONTAINS,9672.43,3,0.1
425,92,CONTAINS,9362.52,6,0.05
426,48,CONTAINS,813.12,14,0.1
426,65,CONTAINS,6629.35,14,0.1
427,21,CONTAINS,2511.61,5,0.0
427,37,CONTAINS,9957.7,20,0.05
427,54,CONTAINS,7440.33,12,0.05
427,68,CONTAINS,3795.86,16,0.2
427,81,CONTAINS,1441.87,19,0.0
428,8,CONTAINS,8965.93,4,0.1
428,23,CONTAINS,8521.99,2,0.0
428,61,CONTAINS,785.6,13,0.0
428,70,CONTAINS,8216.78,14,0.0
429,61,CONTAINS,739.14,1,0.0
429,74,CONTAINS,2233.04,7,0.0
429,79,CONTAINS,9645.09,13,0.0
429,81,CONTAINS,1481.25,15,0.0
429,88,CONTAINS,4624.98,2,0.05
430,43,CONTAINS,4085.66,7,0.15
430,51,CONTAINS,871.81,13,0.05
430,89,CONTAINS,9261.94,17,0.1
430,100,CONTAINS,8171.11,10,0.0
431,18,CONTAINS,5167.11,7,0.1
431,68,CONTAINS,3712.37,2,0.1
431,73,CONTAINS,253.42,8,0.0
432,24,CONTAINS,6805.69,14,0.15
432,31,CONTAINS,1376.26,7,0.0
432,61,CONTAINS,747.56,20,0.0
432,87,CONTAINS,3498.77,5,0.2
433,9,CONTAINS,7205.07,6,0.0
433,23,CONTAINS,8507.71,20,0.15
433,31,CONTAINS,1354.73,15,0.0
433,54,CONTAINS,7112.95,8,0.1
433,56,CONTAINS,273.01,10,0.1
434,4,CONTAINS,9536.16,20,0.2
434,76,CONTAINS,7332.65,19,0.15
434,94,CONTAINS,9220.29,18,0.15
435,64,CONTAINS,6227.71,11,0.05
436,40,CONTAINS,6069.17,4,0.1
436,66,CONTAINS,9372.15,7,0.2
437,5,CONTAINS,4923.34,16,0.15
437,23,CONTAINS,8742.98,8,0.0
437,81,CONTAINS,1392.06,16,0.0
437,101,CONTAINS,1639.27,9,0.2
438,41,CONTAINS,9501.06,18,0.1
438,46,CONTAINS,1988.12,16,0.0
438,50,CONTAINS,9419.34,7,0.1
438,54,CONTAINS,7362.87,11,0.1
438,91,CONTAINS,3283.86,11,0.05
439,13,CONTAINS,3517.5,12,0.15
439,68,CONTAINS,3835.54,16,0.05
439,75,CONTAINS,9584.78,17,0.0
440,26,CONTAINS,7994.55,4,0.2
440,37,CONTAINS,9618.75,13,0.2
440,88,CONTAINS,4742.8,16,0.0
441,72,CONTAINS,5956.05,5,0.0
441,97,CONTAINS,8725.75,20,0.2
442,77,CONTAINS,7131.83,10,0.1
443,27,CONTAINS,8453.78,13,0.15
443,47,CONTAINS,2345.27,2,0.15
443,51,CONTAINS,848.25,10,0.05
443,56,CONTAINS,261.9,19,0.05
443,61,CONTAINS,772.01,15,0.05
444,45,CONTAINS,7709.37,9,0.15
444,48,CONTAINS,851.14,7,0.1
444,72,CONTAINS,5960.77,13,0.05
444,86,CONTAINS,8265.01,6,0.05
445,22,CONTAINS,7965.03,5,0.2
445,31,CONTAINS,1399.01,4,0.05
445,50,CONTAINS,10204.43,16,0.05
445,89,CONTAINS,8760.13,15,0.2
446,39,CONTAINS,1740.23,4,0.1
446,56,CONTAINS,256.68,11,0.1
446,71,CONTAINS,6501.1,20,0.05
447,48,CONTAINS,781.25,3,0.05
447,52,CONTAINS,5581.32,18,0.1
447,76,CONTAINS,7667.07,3,0.0
448,2,CONTAINS,9490.65,9,0.0
449,45,CONTAINS,7152.38,2,0.0
449,75,CONTAINS,8933.52,1,0.0
449,88,CONTAINS,4539.02,20,0.15
450,6,CONTAINS,5498.03,5,0.05
450,29,CONTAINS,6215.55,5,0.2
450,38,CONTAINS,4459.54,2,0.1
450,66,CONTAINS,8860.79,17,0.2
451,9,CONTAINS,7041.52,17,0.0
451,35,CONTAINS,3207.61,4,0.0
451,52,CONTAINS,6014.92,17,0.2
451,57,CONTAINS,4197.98,12,0.15
451,91,CONTAINS,3051.86,19,0.1
452,15,CONTAINS,5997.88,6,0.0
452,96,CONTAINS,8614.92,11,0.05
453,10,CONTAINS,1858.71,8,0.1
453,11,CONTAINS,4409.36,16,0.2
454,93,CONTAINS,5661.01,5,0.1
455,3,CONTAINS,8384.48,11,0.1
455,8,CONTAINS,8873.75,14,0.1
455,54,CONTAINS,7038.52,9,0.15
456,37,CONTAINS,10257.5,20,0.2
457,7,CONTAINS,1081.13,15,0.0
457,15,CONTAINS,6263.28,4,0.15
457,26,CONTAINS,7865.99,17,0.15
457,62,CONTAINS,8344.97,7,0.2
457,81,CONTAINS,1389.1,7,0.2
458,22,CONTAINS,7771.14,14,0.05
458,89,CONTAINS,9074.92,11,0.1
459,100,CONTAINS,8179.64,16,0.1
460,69,CONTAINS,4016.37,17,0.15
461,28,CONTAINS,227.01,2,0.2
461,90,CONTAINS,2597.84,19,0.0
462,5,CONTAINS,5053.49,2,0.15
463,24,CONTAINS,6683.77,15,0.0
463,41,CONTAINS,9740.89,1,0.15
463,45,CONTAINS,7291.17,6,0.1
463,50,CONTAINS,9439.82,17,0.15
463,96,CONTAINS,9183.24,12,0.0
464,5,CONTAINS,5198.9,7,0.05
465,50,CONTAINS,9598.54,12,0.1
465,65,CONTAINS,6671.37,18,0.1
466,11,CONTAINS,4708.35,11,0.05
466,29,CONTAINS,5777.1,11,0.05
466,51,CONTAINS,893.64,1,0.2
466,81,CONTAINS,1408.43,7,0.1
466,88,CONTAINS,4474.09,10,0.0
467,2,CONTAINS,10018.26,18,0.15
467,37,CONTAINS,9948.86,12,0.1
467,47,CONTAINS,2410.54,16,0.0
467,68,CONTAINS,3721.45,8,0.15
468,7,CONTAINS,1115.01,1,0.05
468,29,CONTAINS,6109.94,2,0.15
468,33,CONTAINS,6273.64,8,0.0
468,87,CONTAINS,3360.13,7,0.15
469,54,CONTAINS,7430.57,18,0.15
470,48,CONTAINS,796.06,7,0.15
470,51,CONTAINS,829.05,6,0.05
470,52,CONTAINS,5928.98,4,0.05
470,97,CONTAINS,8954.61,1,0.05
471,70,CONTAINS,7809.22,2,0.05
471,89,CONTAINS,8753.09,17,0.05
472,5,CONTAINS,5221.54,9,0.2
472,25,CONTAINS,10058.73,8,0.15
472,88,CONTAINS,4597.26,10,0.05
472,96,CONTAINS,8540.61,10,0.1
473,24,CONTAINS,6873.15,12,0.05
473,26,CONTAINS,7936.92,12,0.0
473,73,CONTAINS,246.86,20,0.0
473,79,CONTAINS,10175.4,10,0.05
473,95,CONTAINS,8429.32,14,0.2
474,66,CONTAINS,9620.32,5,0.15
474,92,CONTAINS,8832.32,18,0.15
475,14,CONTAINS,8417.03,13,0.15
475,34,CONTAINS,7209.64,20,0.15
476,77,CONTAINS,6811.05,1,0.15
476,94,CONTAINS,9157.22,1,0.05
476,99,CONTAINS,1607.34,2,0.15
477,3,CONTAINS,8324.94,19,0.0
477,91,CONTAINS,3095.99,6,0.0
478,8,CONTAINS,9020.1,17,0.05
478,12,CONTAINS,9634.3,8,0.2
478,76,CONTAINS,7171.56,4,0.0
478,77,CONTAINS,6816.44,10,0.2
479,40,CONTAINS,6151.18,11,0.1
479,75,CONTAINS,9080.18,16,0.1
480,2,CONTAINS,10414.09,18,0.15
480,35,CONTAINS,3321.53,13,0.05
480,87,CONTAINS,3235.56,11,0.05
480,94,CONTAINS,8776.88,17,0.15
481,2,CONTAINS,9567.02,18,0.05
481,43,CONTAINS,4337.74,1,0.0
481,55,CONTAINS,6887.41,9,0.2
482,40,CONTAINS,6302.49,19,0.05
483,8,CONTAINS,9314.36,6,0.0
483,17,CONTAINS,8473.52,6,0.1
483,35,CONTAINS,3381.37,4,0.15
483,39,CONTAINS,1738.08,8,0.15
483,94,CONTAINS,9054.65,11,0.0
484,85,CONTAINS,1560.48,6,0.1
485,12,CONTAINS,8764.98,8,0.0
485,13,CONTAINS,3709.37,6,0.1
485,57,CONTAINS,4252.96,19,0.1
485,100,CONTAINS,8689.78,8,0.1
486,29,CONTAINS,6093.46,15,0.05
486,46,CONTAINS,2012.99,5,0.2
486,57,CONTAINS,4075.56,8,0.1
486,67,CONTAINS,1440.8,11,0.1
486,75,CONTAINS,9173.88,9,0.15
487,15,CONTAINS,5951.35,4,0.15
488,21,CONTAINS,2393.24,5,0.0
488,43,CONTAINS,4194.54,18,0.05
488,46,CONTAINS,1986.05,13,0.15
488,96,CONTAINS,8936.26,1,0.0
489,25,CONTAINS,9845.69,10,0.15
489,74,CONTAINS,2211.19,2,0.2
489,84,CONTAINS,4262.63,14,0.0
489,90,CONTAINS,2483.06,3,0.05
489,95,CONTAINS,8737.68,9,0.15
490,2,CONTAINS,10076.62,16,0.0
490,11,CONTAINS,4751.2,14,0.05
490,24,CONTAINS,6347.18,1,0.1
490,55,CONTAINS,6781.42,18,0.15
491,35,CONTAINS,3245.03,5,0.0
492,48,CONTAINS,792.64,9,0.15
492,79,CONTAINS,10252.93,18,0.2
492,88,CONTAINS,4445.07,19,0.0
492,94,CONTAINS,8885.29,6,0.1
493,28,CONTAINS,236.08,5,0.05
494,14,CONTAINS,8459.86,11,0.0
494,19,CONTAINS,7757.92,10,0.15
494,57,CONTAINS,4271.83,1,0.05
494,74,CONTAINS,2303.61,17,0.2
494,99,CONTAINS,1628.04,19,0.0
495,14,CONTAINS,8620.84,16,0.1
495,41,CONTAINS,9649.63,8,0.05
495,65,CONTAINS,6660.38,12,0.0
495,72,CONTAINS,6158.65,8,0.0
495,74,CONTAINS,2244.29,20,0.05
496,63,CONTAINS,9403.24,2,0.1
496,72,CONTAINS,6080.59,6,0.15
496,74,CONTAINS,2294.4,14,0.2
496,94,CONTAINS,9428.97,18,0.0
496,99,CONTAINS,1718.32,8,0.2
497,71,CONTAINS,6373.84,17,0.0
498,2,CONTAINS,9490.3,12,0.05
498,21,CONTAINS,2530.96,13,0.2
498,42,CONTAINS,7681.1,10,0.1
498,89,CONTAINS,9612.31,9,0.2
499,28,CONTAINS,228.75,16,0.15
500,35,CONTAINS,3239.22,6,0.0
500,61,CONTAINS,724.47,12,0.1
501,14,CONTAINS,8656.41,16,0.0
502,86,CONTAINS,8000.93,5,0.15
503,2,CONTAINS,9853.55,9,0.05
503,35,CONTAINS,3321.05,17,0.2
504,19,CONTAINS,7558.92,1,0.1
504,21,CONTAINS,2477.28,19,0.0
504,38,CONTAINS,4510.31,14,0.05
504,61,CONTAINS,747.37,6,0.1
505,14,CONTAINS,8185.33,11,0.05
505,25,CONTAINS,9777.57,9,0.2
505,41,CONTAINS,9425.35,13,0.1
505,52,CONTAINS,5760.1,16,0.15
505,73,CONTAINS,272.11,10,0.15
506,3,CONTAINS,8342.18,11,0.05
506,28,CONTAINS,225.32,5,0.0
506,47,CONTAINS,2400.63,17,0.05
506,95,CONTAINS,8712.41,15,0.1
507,56,CONTAINS,256.98,4,0.1
507,59,CONTAINS,5631.47,3,0.1
507,61,CONTAINS,731.94,8,0.05
507,62,CONTAINS,8343.47,18,0.0
507,69,CONTAINS,4229.62,11,0.1
508,26,CONTAINS,7957.31,6,0.2
508,77,CONTAINS,7069.81,6,0.0
508,95,CONTAINS,8469.58,8,0.05
509,9,CONTAINS,7005.2,13,0.2
509,25,CONTAINS,10060.74,20,0.05
509,40,CONTAINS,6475.4,5,0.15
509,45,CONTAINS,7051.38,12,0.05
509,99,CONTAINS,1651.51,7,0.1
510,8,CONTAINS,8854.63,2,0.0
510,101,CONTAINS,1648.73,8,0.05
511,28,CONTAINS,224.69,9,0.0
512,31,CONTAINS,1343.21,3,0.2
512,32,CONTAINS,1715.54,18,0.2
513,2,CONTAINS,9625.21,11,0.05
513,37,CONTAINS,9513.44,5,0.2
513,92,CONTAINS,9348.33,17,0.1
513,100,CONTAINS,8841.68,15,0.2
514,2,CONTAINS,10408.66,4,0.15
514,15,CONTAINS,5977.37,9,0.05
514,31,CONTAINS,1322.66,2,0.2
514,65,CONTAINS,6401.73,18,0.15
514,95,CONTAINS,8508.11,18,0.1
515,7,CONTAINS,1144.26,14,0.05
516,63,CONTAINS,9083.36,11,0.2
516,91,CONTAINS,3108.86,17,0.0
516,93,CONTAINS,5389.99,1,0.15
517,82,CONTAINS,6856.89,4,0.1
518,63,CONTAINS,9230.83,5,0.1
518,81,CONTAINS,1379.08,13,0.05
518,85,CONTAINS,1624.7,12,0.0
518,96,CONTAINS,9204.34,16,0.1
519,24,CONTAINS,6501.89,3,0.1
519,39,CONTAINS,1711.66,20,0.05
519,86,CONTAINS,8111.53,9,0.1
520,29,CONTAINS,5901.38,6,0.15
520,32,CONTAINS,1809.44,3,0.1
520,92,CONTAINS,8986.06,4,0.1
521,12,CONTAINS,9544.78,8,0.05
521,31,CONTAINS,1318.18,13,0.0
521,86,CONTAINS,8101.22,4,0.1
522,31,CONTAINS,1422.07,20,0.1
523,42,CONTAINS,7664.53,2,0.2
523,45,CONTAINS,7254.07,5,0.2
523,62,CONTAINS,8405.0,18,0.05
523,82,CONTAINS,7016.22,2,0.15
523,88,CONTAINS,4704.9,8,0.1
524,25,CONTAINS,9931.35,10,0.05
524,46,CONTAINS,2029.85,1,0.0
524,61,CONTAINS,765.77,4,0.05
524,79,CONTAINS,10113.61,4,0.2
525,14,CONTAINS,8047.67,19,0.05
525,84,CONTAINS,4216.36,5,0.1
525,91,CONTAINS,3129.35,11,0.1
526,45,CONTAINS,7557.22,1,0.2
526,56,CONTAINS,252.46,10,0.0
526,60,CONTAINS,2266.89,7,0.1
526,98,CONTAINS,2590.76,7,0.2
527,50,CONTAINS,9865.28,6,0.1
528,47,CONTAINS,2488.46,13,0.2
528,52,CONTAINS,5571.71,14,0.0
528,92,CONTAINS,9199.48,19,0.2
529,18,CONTAINS,5298.56,1,0.1
529,68,CONTAINS,3769.73,2,0.2
529,96,CONTAINS,9168.53,7,0.05
530,27,CONTAINS,8587.2,5,0.2
530,39,CONTAINS,1601.59,15,0.1
530,56,CONTAINS,270.49,4,0.0
531,5,CONTAINS,4987.36,15,0.05
531,96,CONTAINS,8956.2,1,0.15
531,99,CONTAINS,1617.89,15,0.15
531,100,CONTAINS,8170.81,20,0.05
532,42,CONTAINS,8131.33,13,0.2
532,77,CONTAINS,6921.8,12,0.2
533,28,CONTAINS,223.61,9,0.05
533,31,CONTAINS,1303.46,2,0.1
534,1,CONTAINS,7403.69,11,0.15
534,43,CONTAINS,4097.46,13,0.2
534,59,CONTAINS,5350.84,13,0.0
534,64,CONTAINS,6078.24,8,0.05
535,6,CONTAINS,5363.56,16,0.0
536,81,CONTAINS,1388.93,1,0.05
537,3,CONTAINS,8940.77,2,0.0
537,18,CONTAINS,5206.27,14,0.05
537,74,CONTAINS,2176.95,18,0.0
537,84,CONTAINS,4074.32,11,0.05
537,95,CONTAINS,8149.02,17,0.15
538,6,CONTAINS,5373.45,20,0.15
538,9,CONTAINS,6548.63,17,0.15
538,17,CONTAINS,7950.18,9,0.0
538,66,CONTAINS,9090.93,5,0.05
539,16,CONTAINS,8795.1,18,0.1
539,39,CONTAINS,1677.48,3,0.0
539,40,CONTAINS,6387.33,13,0.05
539,46,CONTAINS,2101.06,16,0.1
539,98,CONTAINS,2653.59,18,0.05
540,23,CONTAINS,8060.05,4,0.1
540,27,CONTAINS,8375.93,8,0.1
540,62,CONTAINS,8636.17,3,0.15
540,67,CONTAINS,1515.63,7,0.1
540,81,CONTAINS,1471.36,5,0.15
541,11,CONTAINS,4659.01,20,0.15
541,62,CONTAINS,8641.08,12,0.15
542,45,CONTAINS,7070.06,10,0.15
542,54,CONTAINS,7670.42,2,0.0
542,64,CONTAINS,5808.47,3,0.2
542,78,CONTAINS,5263.94,13,0.0
543,45,CONTAINS,7340.53,8,0.05
543,50,CONTAINS,9396.87,7,0.15
543,56,CONTAINS,255.5,20,0.05
544,7,CONTAINS,1079.88,3,0.2
544,54,CONTAINS,7032.23,4,0.05
545,3,CONTAINS,8519.45,4,0.0
545,14,CONTAINS,8667.21,14,0.0
545,76,CONTAINS,7688.01,6,0.05
545,89,CONTAINS,8783.23,15,0.1
546,51,CONTAINS,828.32,16,0.05
546,87,CONTAINS,3419.6,2,0.15
546,99,CONTAINS,1624.03,3,0.2
547,4,CONTAINS,9612.3,4,0.2
547,14,CONTAINS,8645.56,8,0.2
547,39,CONTAINS,1686.3,11,0.15
547,93,CONTAINS,5732.49,17,0.15
548,22,CONTAINS,7963.3,6,0.05
548,36,CONTAINS,9386.33,10,0.0
548,54,CONTAINS,7203.9,2,0.1
548,98,CONTAINS,2601.39,2,0.2
549,2,CONTAINS,10099.17,9,0.0
549,90,CONTAINS,2685.09,16,0.15
550,18,CONTAINS,5211.03,17,0.05
550,69,CONTAINS,4027.48,20,0.1
550,95,CONTAINS,8569.73,2,0.15
551,3,CONTAINS,8878.17,17,0.05
551,36,CONTAINS,9372.61,13,0.2
551,67,CONTAINS,1571.72,3,0.05
552,15,CONTAINS,6257.71,17,0.1
552,41,CONTAINS,9131.56,13,0.2
552,79,CONTAINS,9419.75,18,0.0
553,9,CONTAINS,6932.31,19,0.05
553,23,CONTAINS,8198.44,13,0.05
553,31,CONTAINS,1377.89,6,0.05
553,75,CONTAINS,9669.17,17,0.0
553,76,CONTAINS,7516.32,4,0.0
554,25,CONTAINS,10069.68,1,0.05
554,27,CONTAINS,7833.03,16,0.0
554,65,CONTAINS,6463.06,2,0.05
555,75,CONTAINS,9028.28,5,0.2
556,60,CONTAINS,2265.96,8,0.0
556,90,CONTAINS,2563.81,8,0.1
557,99,CONTAINS,1618.53,15,0.0
558,33,CONTAINS,6170.43,14,0.0
558,55,CONTAINS,6736.5,15,0.05
558,69,CONTAINS,4095.72,11,0.0
559,98,CONTAINS,2748.39,18,0.2
560,42,CONTAINS,7771.7,9,0.1
560,52,CONTAINS,5583.18,1,0.1
560,60,CONTAINS,2328.31,8,0.0
560,94,CONTAINS,8735.89,3,0.15
561,5,CONTAINS,5161.65,19,0.15
561,99,CONTAINS,1666.01,3,0.05
561,101,CONTAINS,1605.43,13,0.0
562,48,CONTAINS,852.65,12,0.15
562,51,CONTAINS,907.6,14,0.2
563,9,CONTAINS,7137.54,13,0.05
563,65,CONTAINS,6525.09,1,0.0
564,23,CONTAINS,8813.21,12,0.0
564,44,CONTAINS,8059.65,7,0.2
564,88,CONTAINS,4630.34,8,0.1
565,25,CONTAINS,9654.68,20,0.2
565,52,CONTAINS,5974.98,3,0.15
566,50,CONTAINS,9770.4,12,0.15
566,67,CONTAINS,1579.67,20,0.1
566,81,CONTAINS,1370.65,11,0.15
567,62,CONTAINS,8293.11,8,0.1
568,17,CONTAINS,7796.68,8,0.1
568,56,CONTAINS,271.69,15,0.0
568,65,CONTAINS,6528.07,7,0.1
568,76,CONTAINS,7173.66,12,0.2
568,85,CONTAINS,1508.46,9,0.15
569,8,CONTAINS,8655.56,16,0.05
570,10,CONTAINS,1778.25,12,0.15
570,67,CONTAINS,1572.32,10,0.05
570,99,CONTAINS,1647.53,19,0.2
571,98,CONTAINS,2786.22,3,0.1
572,26,CONTAINS,7881.42,17,0.1
572,27,CONTAINS,8471.23,6,0.15
572,53,CONTAINS,3057.23,12,0.2
573,19,CONTAINS,7662.35,18,0.1
574,8,CONTAINS,9181.66,7,0.2
574,17,CONTAINS,8541.53,9,0.0
574,52,CONTAINS,5947.24,15,0.1
574,90,CONTAINS,2467.51,17,0.1
574,99,CONTAINS,1700.76,15,0.1
575,11,CONTAINS,4409.82,18,0.1
575,82,CONTAINS,7294.36,17,0.2
576,17,CONTAINS,8163.94,14,0.05
577,13,CONTAINS,3539.9,19,0.2
577,64,CONTAINS,6111.14,1,0.1
577,77,CONTAINS,6965.53,2,0.05
577,98,CONTAINS,2704.61,12,0.15
578,17,CONTAINS,7930.25,7,0.1
578,99,CONTAINS,1757.96,3,0.1
579,37,CONTAINS,10121.38,9,0.15
579,39,CONTAINS,1670.25,10,0.1
579,45,CONTAINS,7031.65,16,0.15
579,60,CONTAINS,2154.67,18,0.15
579,61,CONTAINS,784.34,16,0.1
580,18,CONTAINS,5577.22,16,0.2
581,5,CONTAINS,5206.07,3,0.2
581,32,CONTAINS,1735.44,15,0.05
581,61,CONTAINS,746.23,3,0.15
582,2,CONTAINS,10322.21,6,0.05
582,12,CONTAINS,8968.38,7,0.05
582,24,CONTAINS,6384.9,15,0.2
582,63,CONTAINS,9054.85,2,0.0
582,69,CONTAINS,4160.4,1,0.05
583,55,CONTAINS,6637.29,4,0.1
584,61,CONTAINS,752.36,7,0.2
584,67,CONTAINS,1536.16,3,0.2
584,92,CONTAINS,8998.06,6,0.2
584,101,CONTAINS,1688.91,14,0.05
585,3,CONTAINS,8763.14,20,0.2
585,62,CONTAINS,8731.47,8,0.05
586,52,CONTAINS,5959.64,2,0.2
586,60,CONTAINS,2190.05,8,0.05
586,88,CONTAINS,4454.88,3,0.0
586,96,CONTAINS,8497.64,19,0.15
586,98,CONTAINS,2716.23,8,0.1
587,14,CONTAINS,8034.23,18,0.0
587,44,CONTAINS,7450.06,2,0.1
587,73,CONTAINS,267.15,4,0.05
587,88,CONTAINS,4468.78,11,0.1
588,11,CONTAINS,4678.35,13,0.0
588,12,CONTAINS,9156.06,17,0.1
588,53,CONTAINS,3043.48,7,0.2
588,76,CONTAINS,7106.34,20,0.15
588,89,CONTAINS,9032.85,16,0.0
589,32,CONTAINS,1864.68,7,0.05
589,60,CONTAINS,2272.14,3,0.2
590,47,CONTAINS,2392.04,13,0.1
590,81,CONTAINS,1420.96,2,0.15
591,27,CONTAINS,8178.5,20,0.05
591,84,CONTAINS,3878.29,1,0.0
591,92,CONTAINS,9423.77,16,0.05
592,14,CONTAINS,8014.83,15,0.15
593,29,CONTAINS,5943.79,11,0.15
593,39,CONTAINS,1628.15,14,0.15
593,93,CONTAINS,5529.16,5,0.1
594,18,CONTAINS,5159.32,19,0.15
594,78,CONTAINS,5234.54,16,0.2
595,53,CONTAINS,3044.46,7,0.15
595,98,CONTAINS,2552.52,4,0.15
596,6,CONTAINS,5573.45,7,0.05
596,21,CONTAINS,2529.94,6,0.2
596,55,CONTAINS,6771.04,12,0.0
596,84,CONTAINS,4178.1,8,0.05
597,42,CONTAINS,7988.82,6,0.05
597,47,CONTAINS,2391.61,3,0.0
597,91,CONTAINS,3253.69,3,0.15
598,60,CONTAINS,2309.12,16,0.15
598,61,CONTAINS,726.56,17,0.05
598,73,CONTAINS,254.47,5,0.1
598,78,CONTAINS,5319.99,14,0.1
598,89,CONTAINS,8905.1,8,0.2
599,8,CONTAINS,9043.15,9,0.0
599,23,CONTAINS,8395.13,3,0.1
600,16,CONTAINS,8683.39,5,0.2
600,17,CONTAINS,8466.4,6,0.05
600,41,CONTAINS,9308.65,13,0.0
600,74,CONTAINS,2171.31,17,0.0
601,7,CONTAINS,1146.48,15,0.15
601,14,CONTAINS,8156.7,9,0.2
601,68,CONTAINS,3552.8,16,0.0
601,99,CONTAINS,1761.52,8,0.0
602,1,CONTAINS,7913.11,2,0.2
602,75,CONTAINS,9519.67,16,0.15
603,8,CONTAINS,8886.35,14,0.1
604,56,CONTAINS,261.15,3,0.15
604,65,CONTAINS,6378.54,3,0.05
605,2,CONTAINS,10118.53,7,0.1
605,11,CONTAINS,4824.38,10,0.05
605,36,CONTAINS,8686.45,4,0.1
605,67,CONTAINS,1574.07,4,0.0
606,18,CONTAINS,5319.0,17,0.0
606,33,CONTAINS,6275.47,18,0.1
606,56,CONTAINS,269.74,4,0.05
606,96,CONTAINS,8478.98,4,0.1
606,99,CONTAINS,1662.21,8,0.15
607,41,CONTAINS,8965.04,7,0.05
607,96,CONTAINS,8561.43,1,0.15
608,42,CONTAINS,7669.69,15,0.15
608,101,CONTAINS,1685.24,14,0.15
609,1,CONTAINS,7726.02,11,0.05
609,50,CONTAINS,9735.14,19,0.0
609,64,CONTAINS,6182.71,20,0.15
609,100,CONTAINS,8790.38,16,0.05
610,13,CONTAINS,3788.92,6,0.15
610,59,CONTAINS,5176.46,15,0.0
610,92,CONTAINS,9058.4,10,0.1
610,94,CONTAINS,9358.48,7,0.1
610,96,CONTAINS,9234.35,7,0.2
611,3,CONTAINS,8257.6,19,0.15
611,94,CONTAINS,9438.07,2,0.1
612,11,CONTAINS,4560.12,17,0.05
612,54,CONTAINS,7373.09,7,0.1
612,59,CONTAINS,5464.34,9,0.05
612,68,CONTAINS,3555.24,12,0.15
613,1,CONTAINS,7741.52,9,0.2
613,46,CONTAINS,2080.06,12,0.15
613,54,CONTAINS,7405.78,11,0.15
613,59,CONTAINS,5277.63,4,0.1
613,66,CONTAINS,9433.7,16,0.1
614,3,CONTAINS,8497.35,5,0.2
614,28,CONTAINS,230.75,6,0.0
614,86,CONTAINS,8380.5,17,0.1
615,34,CONTAINS,7262.01,9,0.2
615,71,CONTAINS,6153.62,11,0.15
616,14,CONTAINS,8318.08,4,0.05
616,34,CONTAINS,7605.23,15,0.1
616,53,CONTAINS,2889.37,15,0.0
616,72,CONTAINS,6027.3,9,0.0
616,75,CONTAINS,9513.34,8,0.0
617,11,CONTAINS,4401.08,11,0.15
617,61,CONTAINS,743.06,11,0.05
618,24,CONTAINS,6927.59,2,0.2
618,27,CONTAINS,8031.26,10,0.2
619,5,CONTAINS,5032.44,6,0.15
619,54,CONTAINS,7347.52,17,0.15
620,10,CONTAINS,1910.54,15,0.2
620,29,CONTAINS,5907.27,12,0.15
620,34,CONTAINS,7235.1,18,0.0
620,54,CONTAINS,7222.98,16,0.2
620,64,CONTAINS,6034.74,20,0.2
621,17,CONTAINS,8331.87,5,0.15
621,45,CONTAINS,7294.84,15,0.05
621,51,CONTAINS,888.46,9,0.0
621,86,CONTAINS,8690.26,10,0.15
622,66,CONTAINS,9582.08,1,0.15
622,101,CONTAINS,1649.33,18,0.2
623,9,CONTAINS,6763.82,18,0.05
624,93,CONTAINS,5402.26,8,0.15
625,7,CONTAINS,1084.81,7,0.05
625,18,CONTAINS,5153.73,5,0.15
625,69,CONTAINS,4137.99,19,0.05
625,76,CONTAINS,7458.2,16,0.0
625,90,CONTAINS,2582.62,1,0.2
626,9,CONTAINS,6628.21,7,0.0
626,38,CONTAINS,4264.12,6,0.05
626,43,CONTAINS,4177.7,7,0.1
627,2,CONTAINS,9990.99,4,0.0
627,10,CONTAINS,1913.54,10,0.1
627,39,CONTAINS,1605.02,6,0.15
627,100,CONTAINS,8268.04,18,0.15
628,64,CONTAINS,5796.74,9,0.2
629,34,CONTAINS,7443.94,14,0.05
629,54,CONTAINS,7475.97,12,0.15
629,100,CONTAINS,8293.35,6,0.2
630,33,CONTAINS,5919.52,6,0.05
631,35,CONTAINS,3070.89,18,0.1
631,56,CONTAINS,257.98,5,0.05
631,63,CONTAINS,9444.69,2,0.1
632,6,CONTAINS,5510.16,1,0.15
632,29,CONTAINS,6136.12,16,0.1
632,40,CONTAINS,6434.41,1,0.1
632,70,CONTAINS,7770.43,14,0.0
632,99,CONTAINS,1646.32,16,0.2
633,22,CONTAINS,7702.01,17,0.15
633,26,CONTAINS,7817.81,11,0.2
633,75,CONTAINS,9657.31,19,0.1
634,13,CONTAINS,3574.53,15,0.2
634,69,CONTAINS,3914.43,14,0.05
635,36,CONTAINS,9247.72,3,0.1
635,46,CONTAINS,1961.5,3,0.1
635,79,CONTAINS,10068.65,10,0.05
636,9,CONTAINS,6651.19,19,0.05
636,53,CONTAINS,3030.26,15,0.2
636,59,CONTAINS,5661.12,17,0.05
636,74,CONTAINS,2321.63,2,0.1
636,91,CONTAINS,3176.54,6,0.15
637,42,CONTAINS,7725.04,2,0.0
637,62,CONTAINS,8662.93,18,0.2
637,75,CONTAINS,9409.34,5,0.1
638,33,CONTAINS,5973.11,6,0.1
638,52,CONTAINS,6009.61,1,0.05
639,13,CONTAINS,3777.49,4,0.05
639,23,CONTAINS,8392.19,1,0.2
639,40,CONTAINS,6275.26,9,0.05
639,46,CONTAINS,1972.57,16,0.0
639,67,CONTAINS,1508.61,8,0.2
640,13,CONTAINS,3734.15,13,0.0
640,16,CONTAINS,8218.84,8,0.2
640,73,CONTAINS,252.07,18,0.1
640,86,CONTAINS,8637.08,20,0.1
641,1,CONTAINS,7643.74,11,0.0
641,17,CONTAINS,7976.38,13,0.15
641,25,CONTAINS,9569.79,12,0.05
641,98,CONTAINS,2638.85,20,0.05
642,3,CONTAINS,8226.16,18,0.05
642,11,CONTAINS,4614.5,16,0.0
642,29,CONTAINS,5836.78,16,0.05
642,86,CONTAINS,7977.26,1,0.15
642,92,CONTAINS,9290.73,17,0.15
643,37,CONTAINS,9781.14,3,0.05
643,88,CONTAINS,4558.81,7,0.15
644,34,CONTAINS,7553.72,7,0.1
644,81,CONTAINS,1433.52,11,0.1
644,90,CONTAINS,2624.66,1,0.15
645,60,CONTAINS,2255.6,10,0.05
646,12,CONTAINS,9028.56,13,0.0
646,29,CONTAINS,6343.86,6,0.05
646,81,CONTAINS,1368.65,4,0.1
647,24,CONTAINS,6409.14,17,0.2
648,2,CONTAINS,10163.92,1,0.0
648,7,CONTAINS,1097.81,1,0.2
648,31,CONTAINS,1400.09,1,0.05
648,57,CONTAINS,4084.33,13,0.05
648,60,CONTAINS,2286.28,17,0.05
649,17,CONTAINS,8172.47,4,0.2
649,23,CONTAINS,8763.23,10,0.15
649,54,CONTAINS,7161.95,3,0.1
649,55,CONTAINS,6756.08,9,0.15
650,4,CONTAINS,9799.97,19,0.1
650,13,CONTAINS,3499.8,18,0.2
650,28,CONTAINS,225.64,18,0.2
651,5,CONTAINS,4843.9,6,0.0
651,55,CONTAINS,6794.02,9,0.2
651,56,CONTAINS,269.11,16,0.0
651,79,CONTAINS,9877.42,3,0.0
652,14,CONTAINS,8583.41,16,0.2
652,59,CONTAINS,5220.23,2,0.05
652,64,CONTAINS,5762.63,5,0.1
653,9,CONTAINS,6732.18,5,0.0
653,19,CONTAINS,7787.25,17,0.1
654,1,CONTAINS,7867.48,2,0.05
654,85,CONTAINS,1630.34,20,0.15
654,101,CONTAINS,1713.55,5,0.1
655,16,CONTAINS,8904.11,7,0.1
655,17,CONTAINS,8304.98,6,0.1
655,36,CONTAINS,8666.61,13,0.1
655,61,CONTAINS,738.05,13,0.1
655,75,CONTAINS,9205.66,4,0.1
656,9,CONTAINS,6985.06,14,0.1
656,12,CONTAINS,9373.35,5,0.2
656,90,CONTAINS,2647.0,8,0.2
656,100,CONTAINS,8527.43,9,0.0
657,9,CONTAINS,7050.22,17,0.15
657,29,CONTAINS,6153.78,12,0.15
657,67,CONTAINS,1537.28,6,0.15
657,69,CONTAINS,3912.93,15,0.15
658,8,CONTAINS,9071.07,3,0.1
658,68,CONTAINS,3727.06,5,0.1
658,87,CONTAINS,3336.29,20,0.0
658,92,CONTAINS,8756.45,5,0.2
659,76,CONTAINS,7554.86,12,0.05
659,78,CONTAINS,5305.92,8,0.1
660,5,CONTAINS,4983.34,8,0.2
660,13,CONTAINS,3742.58,7,0.05
660,22,CONTAINS,7656.1,17,0.15
660,44,CONTAINS,7388.7,10,0.05
660,51,CONTAINS,868.29,6,0.1
661,2,CONTAINS,9831.93,8,0.1
661,25,CONTAINS,9422.21,7,0.0
662,42,CONTAINS,8068.39,4,0.0
662,60,CONTAINS,2300.4,15,0.05
662,62,CONTAINS,8488.69,13,0.05
662,69,CONTAINS,4249.82,12,0.15
662,70,CONTAINS,7843.44,7,0.15
663,14,CONTAINS,8587.16,4,0.05
663,34,CONTAINS,6983.59,13,0.05
663,82,CONTAINS,6805.49,19,0.15
663,87,CONTAINS,3360.22,13,0.1
663,92,CONTAINS,8799.31,19,0.2
664,10,CONTAINS,1864.37,20,0.15
665,18,CONTAINS,5224.41,15,0.1
665,51,CONTAINS,826.71,8,0.1
665,53,CONTAINS,2902.43,8,0.0
666,70,CONTAINS,7832.66,11,0.05
667,17,CONTAINS,8188.16,4,0.15
667,23,CONTAINS,8509.04,15,0.0
667,97,CONTAINS,8972.11,17,0.2
668,55,CONTAINS,7029.37,11,0.2
669,13,CONTAINS,3601.78,15,0.2
669,31,CONTAINS,1401.94,8,0.2
670,11,CONTAINS,4708.86,14,0.05
670,15,CONTAINS,6439.41,1,0.1
670,19,CONTAINS,7422.42,7,0.0
670,52,CONTAINS,5700.49,5,0.1
671,27,CONTAINS,8457.38,8,0.05
671,68,CONTAINS,3589.05,17,0.0
671,71,CONTAINS,6343.46,15,0.0
672,7,CONTAINS,1095.16,2,0.1
672,12,CONTAINS,9383.7,19,0.1
672,26,CONTAINS,7734.97,18,0.0
672,84,CONTAINS,3893.16,15,0.0
673,6,CONTAINS,5553.09,5,0.0
674,39,CONTAINS,1696.86,16,0.15
674,46,CONTAINS,2020.74,6,0.15
674,56,CONTAINS,250.04,11,0.15
674,77,CONTAINS,7022.53,14,0.1
674,99,CONTAINS,1659.24,14,0.1
675,23,CONTAINS,8174.27,2,0.0
675,71,CONTAINS,6407.1,1,0.2
675,78,CONTAINS,4856.17,3,0.0
676,7,CONTAINS,1117.35,6,0.15
676,74,CONTAINS,2288.26,3,0.0
677,63,CONTAINS,9297.85,6,0.2
677,67,CONTAINS,1476.63,5,0.0
678,17,CONTAINS,8307.08,7,0.15
678,24,CONTAINS,6543.36,17,0.0
678,44,CONTAINS,7929.25,19,0.05
678,70,CONTAINS,8134.59,16,0.2
679,1,CONTAINS,7873.75,2,0.05
679,44,CONTAINS,7369.49,7,0.15
679,62,CONTAINS,8583.89,20,0.0
679,65,CONTAINS,6678.46,18,0.1
680,5,CONTAINS,5188.93,16,0.1
680,52,CONTAINS,5586.66,14,0.15
681,41,CONTAINS,9632.88,3,0.05
682,4,CONTAINS,10256.27,12,0.2
682,27,CONTAINS,8276.95,15,0.05
682,31,CONTAINS,1417.78,6,0.0
682,43,CONTAINS,4248.29,17,0.2
682,98,CONTAINS,2614.58,7,0.15
683,14,CONTAINS,8500.05,4,0.0
683,22,CONTAINS,7791.84,16,0.0
683,24,CONTAINS,6589.32,2,0.15
683,53,CONTAINS,2914.07,4,0.2
683,86,CONTAINS,8246.7,17,0.2
684,22,CONTAINS,7770.01,3,0.15
684,35,CONTAINS,3210.69,16,0.15
684,42,CONTAINS,7702.27,16,0.1
684,51,CONTAINS,871.63,6,0.05
684,56,CONTAINS,269.49,16,0.2
685,12,CONTAINS,9580.93,19,0.05
686,3,CONTAINS,8963.01,11,0.0
686,43,CONTAINS,4324.08,3,0.2
686,56,CONTAINS,273.52,19,0.2
686,71,CONTAINS,6290.67,14,0.05
687,24,CONTAINS,6850.58,16,0.0
687,39,CONTAINS,1654.62,5,0.15
687,63,CONTAINS,9246.08,4,0.05
687,73,CONTAINS,263.28,13,0.0
688,23,CONTAINS,8742.5,7,0.1
688,60,CONTAINS,2294.96,7,0.05
688,91,CONTAINS,3200.81,8,0.2
688,100,CONTAINS,8334.8,17,0.05
689,21,CONTAINS,2460.51,17,0.0
689,43,CONTAINS,4345.27,17,0.2
689,77,CONTAINS,7006.02,15,0.15
689,89,CONTAINS,8921.87,11,0.05
690,4,CONTAINS,10404.34,6,0.05
690,55,CONTAINS,7025.69,17,0.2
691,28,CONTAINS,225.18,8,0.2
691,36,CONTAINS,8989.48,7,0.0
691,60,CONTAINS,2356.83,4,0.05
692,39,CONTAINS,1661.29,19,0.15
692,91,CONTAINS,3153.83,11,0.05
693,17,CONTAINS,8132.11,8,0.2
693,44,CONTAINS,7486.33,20,0.15
693,92,CONTAINS,9297.06,18,0.0
693,97,CONTAINS,9447.54,18,0.15
694,65,CONTAINS,6315.34,13,0.0
694,76,CONTAINS,7385.61,4,0.05
694,95,CONTAINS,8674.09,1,0.2
695,24,CONTAINS,6388.33,12,0.1
696,29,CONTAINS,6293.92,3,0.15
696,43,CONTAINS,3960.28,6,0.2
696,50,CONTAINS,9745.66,15,0.2
696,63,CONTAINS,9061.13,4,0.0
696,68,CONTAINS,3543.5,1,0.05
697,36,CONTAINS,9490.76,3,0.15
697,43,CONTAINS,4308.41,14,0.2
697,51,CONTAINS,866.85,20,0.1
697,82,CONTAINS,7339.77,7,0.0
698,46,CONTAINS,1959.92,14,0.2
699,66,CONTAINS,9108.22,11,0.15
699,71,CONTAINS,6071.39,13,0.0
700,8,CONTAINS,9402.99,5,0.05
700,21,CONTAINS,2539.81,5,0.05
701,17,CONTAINS,8324.36,14,0.1
702,2,CONTAINS,10437.67,20,0.1
702,21,CONTAINS,2430.99,3,0.1
702,36,CONTAINS,9200.74,16,0.1
702,68,CONTAINS,3566.12,20,0.15
702,101,CONTAINS,1620.25,10,0.2
703,1,CONTAINS,7644.84,18,0.15
703,5,CONTAINS,4961.18,14,0.05
703,72,CONTAINS,6171.5,11,0.15
703,73,CONTAINS,251.53,10,0.15
704,57,CONTAINS,4081.53,12,0.15
705,7,CONTAINS,1068.76,8,0.05
705,27,CONTAINS,8391.65,10,0.05
705,43,CONTAINS,4158.0,2,0.0
705,55,CONTAINS,6566.81,5,0.2
705,84,CONTAINS,4214.99,15,0.0
706,68,CONTAINS,3821.19,1,0.1
707,22,CONTAINS,7571.18,19,0.2
707,65,CONTAINS,6793.95,1,0.1
707,75,CONTAINS,9329.0,20,0.15
707,101,CONTAINS,1735.0,5,0.15
708,9,CONTAINS,7157.51,19,0.15
708,18,CONTAINS,5278.42,13,0.1
708,78,CONTAINS,4957.29,3,0.0
708,90,CONTAINS,2623.45,17,0.15
708,96,CONTAINS,8722.94,12,0.2
709,28,CONTAINS,231.86,13,0.1
709,32,CONTAINS,1787.75,5,0.2
709,53,CONTAINS,2869.26,10,0.2
709,57,CONTAINS,4066.75,11,0.05
710,6,CONTAINS,5468.79,2,0.1
710,27,CONTAINS,8611.8,14,0.05
710,37,CONTAINS,9491.6,12,0.15
710,38,CONTAINS,4206.7,12,0.0
710,87,CONTAINS,3202.46,5,0.2
711,15,CONTAINS,6253.04,13,0.05
711,17,CONTAINS,8604.14,1,0.15
711,19,CONTAINS,7132.85,1,0.15
712,56,CONTAINS,272.54,16,0.0
713,50,CONTAINS,9894.37,1,0.15
714,57,CONTAINS,3972.82,2,0.15
714,81,CONTAINS,1463.75,3,0.0
715,7,CONTAINS,1102.0,4,0.2
715,28,CONTAINS,224.04,12,0.1
715,33,CONTAINS,6107.76,1,0.05
715,82,CONTAINS,6923.62,2,0.05
716,14,CONTAINS,8313.31,10,0.2
716,74,CONTAINS,2212.3,3,0.0
717,10,CONTAINS,1864.08,1,0.2
717,47,CONTAINS,2350.83,18,0.2
717,56,CONTAINS,253.11,18,0.1
717,75,CONTAINS,9247.43,17,0.15
717,93,CONTAINS,5689.26,8,0.1
718,6,CONTAINS,5615.64,14,0.1
718,15,CONTAINS,6280.69,9,0.0
718,52,CONTAINS,5854.27,18,0.1
718,62,CONTAINS,8284.32,12,0.1
718,75,CONTAINS,9161.43,8,0.0
719,63,CONTAINS,8816.84,9,0.05
719,98,CONTAINS,2778.6,2,0.2
720,35,CONTAINS,3086.31,13,0.1
721,72,CONTAINS,6010.96,2,0.15
721,85,CONTAINS,1556.57,13,0.15
722,13,CONTAINS,3786.38,8,0.15
722,15,CONTAINS,6158.32,18,0.15
722,88,CONTAINS,4336.87,12,0.0
722,90,CONTAINS,2570.98,4,0.2
723,48,CONTAINS,852.43,5,0.1
723,67,CONTAINS,1579.42,9,0.2
723,97,CONTAINS,8908.41,10,0.1
724,6,CONTAINS,5384.25,18,0.0
724,24,CONTAINS,6697.22,5,0.2
724,44,CONTAINS,7993.34,17,0.2
724,72,CONTAINS,6022.18,14,0.05
724,95,CONTAINS,8755.08,16,0.05
725,67,CONTAINS,1520.13,11,0.2
725,68,CONTAINS,3640.34,13,0.1
726,65,CONTAINS,6400.05,5,0.05
727,12,CONTAINS,9334.43,20,0.15
727,18,CONTAINS,5294.37,10,0.15
727,40,CONTAINS,6412.61,3,0.1
728,51,CONTAINS,870.77,5,0.2
728,64,CONTAINS,5909.68,20,0.2
728,86,CONTAINS,8593.97,18,0.05
728,100,CONTAINS,8780.2,20,0.05
729,5,CONTAINS,5248.1,18,0.2
729,53,CONTAINS,3008.22,12,0.15
729,71,CONTAINS,6550.23,2,0.05
730,95,CONTAINS,8580.93,1,0.2
731,16,CONTAINS,8837.91,3,0.2
731,26,CONTAINS,8031.45,1,0.2
731,48,CONTAINS,782.17,16,0.0
731,57,CONTAINS,4241.48,3,0.05
732,47,CONTAINS,2524.11,11,0.0
733,27,CONTAINS,8367.2,14,0.2
733,59,CONTAINS,5627.27,17,0.05
733,70,CONTAINS,7557.36,6,0.15
733,98,CONTAINS,2727.93,19,0.15
734,8,CONTAINS,8916.24,1,0.05
734,32,CONTAINS,1796.59,11,0.1
734,75,CONTAINS,9396.77,8,0.0
734,79,CONTAINS,9947.66,2,0.15
735,63,CONTAINS,8751.27,1,0.15
735,77,CONTAINS,6836.2,2,0.15
736,10,CONTAINS,1881.83,9,0.2
736,13,CONTAINS,3808.37,4,0.15
736,41,CONTAINS,9351.57,2,0.0
736,42,CONTAINS,7510.6,5,0.15
736,87,CONTAINS,3218.18,9,0.15
737,19,CONTAINS,7625.2,19,0.2
737,28,CONTAINS,228.56,4,0.15
737,48,CONTAINS,782.47,14,0.1
738,24,CONTAINS,6688.39,14,0.2
738,88,CONTAINS,4575.23,5,0.2
739,5,CONTAINS,4861.02,8,0.2
739,39,CONTAINS,1698.17,2,0.05
739,45,CONTAINS,7138.99,6,0.05
739,55,CONTAINS,6756.15,10,0.05
740,60,CONTAINS,2172.53,13,0.0
741,25,CONTAINS,9394.71,20,0.05
741,27,CONTAINS,8249.42,11,0.05
742,78,CONTAINS,5119.1,7,0.15
743,33,CONTAINS,6323.42,20,0.15
743,40,CONTAINS,6530.21,11,0.1
743,98,CONTAINS,2569.31,13,0.05
744,16,CONTAINS,8426.71,13,0.2
744,36,CONTAINS,9080.33,16,0.0
744,65,CONTAINS,6191.95,9,0.05
744,87,CONTAINS,3375.07,2,0.2
744,89,CONTAINS,9458.99,18,0.2
745,31,CONTAINS,1314.22,9,0.2
745,53,CONTAINS,2937.23,18,0.2
745,76,CONTAINS,7120.67,13,0.0
746,50,CONTAINS,10290.57,11,0.1
746,99,CONTAINS,1654.37,4,0.15
746,100,CONTAINS,8173.45,15,0.1
747,27,CONTAINS,8393.41,4,0.2
747,70,CONTAINS,7698.38,8,0.0
748,1,CONTAINS,7258.48,7,0.2
748,23,CONTAINS,8886.09,4,0.0
748,36,CONTAINS,8691.12,17,0.0
748,46,CONTAINS,1963.79,14,0.2
748,61,CONTAINS,734.17,14,0.2
749,81,CONTAINS,1418.72,15,0.15
749,82,CONTAINS,7210.38,14,0.2
750,21,CONTAINS,2522.55,8,0.2
750,93,CONTAINS,5375.64,13,0.05
751,38,CONTAINS,4419.73,12,0.1
751,56,CONTAINS,273.81,20,0.15
751,69,CONTAINS,3915.89,5,0.1
751,78,CONTAINS,5272.76,14,0.1
751,84,CONTAINS,4172.96,12,0.0
752,11,CONTAINS,4685.9,16,0.1
753,38,CONTAINS,4515.63,10,0.1
753,43,CONTAINS,4283.04,5,0.1
753,48,CONTAINS,843.17,2,0.1
753,101,CONTAINS,1624.74,15,0.15
754,21,CONTAINS,2413.62,13,0.0
754,46,CONTAINS,2020.29,9,0.0
754,47,CONTAINS,2385.44,17,0.2
754,55,CONTAINS,6813.79,1,0.2
754,71,CONTAINS,6516.61,20,0.0
755,71,CONTAINS,6350.26,17,0.2
755,82,CONTAINS,7202.81,12,0.05
755,85,CONTAINS,1545.96,17,0.1
756,9,CONTAINS,6973.33,18,0.0
756,27,CONTAINS,7815.76,15,0.0
756,89,CONTAINS,9581.6,20,0.15
756,91,CONTAINS,3049.23,11,0.2
757,2,CONTAINS,9988.25,14,0.1
757,5,CONTAINS,4871.25,9,0.05
758,90,CONTAINS,2558.5,15,0.2
759,2,CONTAINS,9588.04,19,0.0
759,32,CONTAINS,1792.74,12,0.1
759,38,CONTAINS,4371.52,4,0.1
759,42,CONTAINS,8113.63,3,0.2
759,99,CONTAINS,1752.29,16,0.0
760,43,CONTAINS,4178.08,9,0.15
761,21,CONTAINS,2494.73,5,0.2
762,19,CONTAINS,7198.37,1,0.2
762,21,CONTAINS,2400.28,14,0.05
762,31,CONTAINS,1342.75,8,0.0
763,53,CONTAINS,3066.94,3,0.15
763,71,CONTAINS,6487.18,11,0.0
763,82,CONTAINS,7267.16,8,0.05
763,96,CONTAINS,8827.39,19,0.0
764,24,CONTAINS,7004.6,7,0.15
764,59,CONTAINS,5605.5,11,0.15
764,65,CONTAINS,6190.21,8,0.05
764,91,CONTAINS,3169.31,18,0.15
764,93,CONTAINS,5835.88,18,0.15
765,15,CONTAINS,5918.08,9,0.2
765,36,CONTAINS,8606.74,9,0.2
765,56,CONTAINS,275.12,1,0.0
765,57,CONTAINS,4048.58,2,0.15
765,66,CONTAINS,9423.38,7,0.1
766,22,CONTAINS,7333.35,18,0.05
766,40,CONTAINS,6322.83,19,0.15
766,43,CONTAINS,3962.36,13,0.15
767,27,CONTAINS,8309.46,4,0.1
767,57,CONTAINS,4303.98,6,0.1
767,73,CONTAINS,265.75,5,0.1
768,9,CONTAINS,6883.64,7,0.05
768,22,CONTAINS,7886.1,1,0.1
768,51,CONTAINS,899.87,11,0.05
768,90,CONTAINS,2627.65,4,0.15
769,50,CONTAINS,9556.12,9,0.15
769,52,CONTAINS,5821.88,7,0.0
769,61,CONTAINS,772.09,12,0.15
769,81,CONTAINS,1429.23,13,0.05
770,34,CONTAINS,6972.73,7,0.15
770,38,CONTAINS,4326.32,5,0.15
770,55,CONTAINS,7100.15,19,0.1
771,26,CONTAINS,7642.91,11,0.15
771,41,CONTAINS,9044.95,4,0.0
771,67,CONTAINS,1504.87,13,0.2
772,27,CONTAINS,8306.81,7,0.0
772,98,CONTAINS,2680.56,1,0.05
773,9,CONTAINS,6571.01,13,0.0
773,64,CONTAINS,5820.33,11,0.0
774,38,CONTAINS,4383.22,3,0.2
774,50,CONTAINS,9979.99,12,0.1
774,51,CONTAINS,850.52,14,0.2
775,4,CONTAINS,9954.02,4,0.15
776,12,CONTAINS,8954.09,11,0.2
776,23,CONTAINS,8139.15,17,0.2
776,42,CONTAINS,7676.65,5,0.1
776,62,CONTAINS,8411.01,14,0.05
777,6,CONTAINS,5703.65,7,0.15
777,11,CONTAINS,4565.67,5,0.0
777,53,CONTAINS,3070.26,10,0.0
777,99,CONTAINS,1625.99,5,0.2
777,101,CONTAINS,1718.14,13,0.05
778,11,CONTAINS,4772.0,11,0.05
778,47,CONTAINS,2338.44,18,0.05
778,62,CONTAINS,8342.87,6,0.05
778,89,CONTAINS,9542.6,10,0.05
778,92,CONTAINS,9255.28,18,0.0
779,8,CONTAINS,9258.91,20,0.0
779,34,CONTAINS,7258.76,6,0.0
779,47,CONTAINS,2514.98,17,0.05
779,54,CONTAINS,7283.6,18,0.2
779,92,CONTAINS,8828.94,13,0.15
780,40,CONTAINS,6312.85,10,0.15
780,60,CONTAINS,2268.65,19,0.05
781,13,CONTAINS,3746.13,8,0.05
781,25,CONTAINS,10065.03,2,0.1
781,81,CONTAINS,1433.47,18,0.2
781,87,CONTAINS,3369.52,17,0.1
782,73,CONTAINS,252.95,7,0.15
782,88,CONTAINS,4562.83,12,0.2
783,11,CONTAINS,4763.17,2,0.15
783,43,CONTAINS,4091.47,20,0.15
783,90,CONTAINS,2560.67,11,0.2
784,38,CONTAINS,4176.98,9,0.2
784,55,CONTAINS,7055.06,13,0.15
784,91,CONTAINS,3262.01,17,0.0
785,14,CONTAINS,8209.36,5,0.05
785,25,CONTAINS,9876.46,19,0.05
785,51,CONTAINS,834.37,9,0.15
785,93,CONTAINS,5886.17,3,0.05
785,98,CONTAINS,2672.27,8,0.0
786,40,CONTAINS,6346.04,15,0.2
787,25,CONTAINS,9305.86,17,0.0
787,26,CONTAINS,8133.48,15,0.0
787,72,CONTAINS,6130.04,1,0.1
787,87,CONTAINS,3462.56,12,0.0
788,19,CONTAINS,7504.78,11,0.15
788,77,CONTAINS,6857.28,20,0.2
788,89,CONTAINS,9023.95,5,0.0
788,95,CONTAINS,8524.17,18,0.0
788,96,CONTAINS,9121.56,15,0.1
789,53,CONTAINS,2985.73,19,0.1
790,12,CONTAINS,9539.56,6,0.1
790,15,CONTAINS,6453.88,12,0.2
790,21,CONTAINS,2623.63,2,0.15
790,29,CONTAINS,5800.88,14,0.15
790,33,CONTAINS,6377.87,12,0.0
791,42,CONTAINS,7581.45,1,0.05
791,69,CONTAINS,3933.9,3,0.2
791,71,CONTAINS,6665.78,15,0.15
791,97,CONTAINS,9078.16,3,0.0
792,10,CONTAINS,1799.73,20,0.1
792,12,CONTAINS,8888.16,7,0.0
792,71,CONTAINS,6140.5,13,0.1
792,82,CONTAINS,7052.83,3,0.1
792,94,CONTAINS,9382.33,12,0.15
793,17,CONTAINS,8360.13,20,0.15
793,39,CONTAINS,1703.87,4,0.05
793,43,CONTAINS,3971.76,18,0.15
793,63,CONTAINS,9395.46,8,0.05
793,98,CONTAINS,2694.13,14,0.15
794,11,CONTAINS,4699.63,12,0.0
794,18,CONTAINS,5516.6,8,0.1
794,42,CONTAINS,7965.74,12,0.2
794,47,CONTAINS,2366.88,2,0.1
795,64,CONTAINS,5976.44,3,0.15
796,72,CONTAINS,6303.63,3,0.2
796,82,CONTAINS,6936.35,18,0.2
796,92,CONTAINS,8706.97,5,0.2
797,36,CONTAINS,8631.98,2,0.2
797,38,CONTAINS,4350.19,9,0.1
797,45,CONTAINS,7203.61,6,0.0
797,52,CONTAINS,5921.12,6,0.05
798,7,CONTAINS,1136.61,2,0.2
798,17,CONTAINS,8365.88,16,0.15
798,39,CONTAINS,1628.21,20,0.0
798,47,CONTAINS,2414.59,20,0.05
798,78,CONTAINS,5258.26,16,0.0
799,14,CONTAINS,8182.56,4,0.15
799,77,CONTAINS,6938.66,16,0.15
799,98,CONTAINS,2698.08,13,0.1
799,100,CONTAINS,8546.42,1,0.2
800,8,CONTAINS,8789.3,19,0.2
801,24,CONTAINS,6474.54,13,0.2
801,57,CONTAINS,4121.22,2,0.1
801,82,CONTAINS,7246.38,14,0.05
801,98,CONTAINS,2724.45,6,0.2
802,11,CONTAINS,4400.85,8,0.2
802,35,CONTAINS,3139.72,9,0.05
802,52,CONTAINS,5657.53,10,0.1
803,10,CONTAINS,1761.49,15,0.15
803,14,CONTAINS,8275.15,1,0.05
803,59,CONTAINS,5186.75,17,0.15
803,61,CONTAINS,739.38,16,0.1
803,89,CONTAINS,8973.26,16,0.1
804,13,CONTAINS,3619.24,15,0.15
804,14,CONTAINS,8433.56,14,0.15
804,21,CONTAINS,2454.14,16,0.1
804,31,CONTAINS,1378.33,17,0.0
804,37,CONTAINS,9473.99,5,0.1
805,75,CONTAINS,8875.29,19,0.2
806,45,CONTAINS,7645.27,15,0.1
807,37,CONTAINS,10031.49,3,0.05
807,42,CONTAINS,7599.72,4,0.2
807,62,CONTAINS,8750.62,8,0.2
807,70,CONTAINS,7745.37,11,0.2
807,89,CONTAINS,8737.9,11,0.2
808,61,CONTAINS,753.91,14,0.05
808,66,CONTAINS,9106.5,8,0.15
809,7,CONTAINS,1138.07,13,0.1
809,44,CONTAINS,7418.0,3,0.0
809,47,CONTAINS,2303.3,6,0.15
809,61,CONTAINS,757.88,19,0.2
810,6,CONTAINS,5423.3,3,0.2
810,14,CONTAINS,8627.14,14,0.1
810,35,CONTAINS,3097.83,4,0.1
810,46,CONTAINS,2138.89,20,0.0
811,21,CONTAINS,2462.11,16,0.15
811,31,CONTAINS,1333.53,17,0.0
811,72,CONTAINS,6074.28,12,0.2
811,92,CONTAINS,9399.54,14,0.15
812,12,CONTAINS,9137.88,19,0.2
812,73,CONTAINS,263.62,8,0.2
812,76,CONTAINS,7270.63,13,0.0
813,7,CONTAINS,1115.32,20,0.0
813,12,CONTAINS,9432.69,2,0.1
813,23,CONTAINS,8439.3,13,0.15
813,95,CONTAINS,8551.52,11,0.1
814,92,CONTAINS,8726.63,9,0.15
815,10,CONTAINS,1846.36,6,0.0
815,15,CONTAINS,5912.78,2,0.05
815,41,CONTAINS,9644.21,11,0.2
815,52,CONTAINS,5645.73,7,0.1
816,13,CONTAINS,3767.39,12,0.15
816,18,CONTAINS,5400.48,6,0.1
816,43,CONTAINS,4294.27,11,0.1
816,76,CONTAINS,7064.29,14,0.0
816,79,CONTAINS,9850.49,10,0.15
817,24,CONTAINS,6744.37,6,0.05
817,43,CONTAINS,4099.53,9,0.15
817,48,CONTAINS,783.07,4,0.1
817,97,CONTAINS,9136.6,13,0.2
818,22,CONTAINS,7787.18,18,0.2
818,48,CONTAINS,817.55,4,0.15
818,54,CONTAINS,7092.52,11,0.1
818,59,CONTAINS,5165.81,3,0.1
818,93,CONTAINS,5410.32,14,0.1
819,2,CONTAINS,10104.7,2,0.05
819,5,CONTAINS,4821.39,3,0.05
819,24,CONTAINS,6633.94,3,0.15
819,62,CONTAINS,8757.24,11,0.0
820,9,CONTAINS,7038.15,3,0.0
820,33,CONTAINS,6161.66,17,0.1
820,47,CONTAINS,2505.61,8,0.15
820,48,CONTAINS,851.51,5,0.0
820,100,CONTAINS,8579.06,15,0.1
821,13,CONTAINS,3619.33,6,0.05
821,68,CONTAINS,3708.49,19,0.05
821,92,CONTAINS,9242.72,7,0.05
821,99,CONTAINS,1731.58,16,0.15
822,2,CONTAINS,9705.15,20,0.1
822,12,CONTAINS,9349.22,4,0.1
822,23,CONTAINS,8856.78,1,0.2
822,72,CONTAINS,6444.32,7,0.1
822,86,CONTAINS,8341.85,9,0.2
823,45,CONTAINS,7207.91,12,0.0
823,79,CONTAINS,9521.76,5,0.05
823,87,CONTAINS,3422.07,20,0.2
824,32,CONTAINS,1761.17,8,0.2
824,76,CONTAINS,7404.61,1,0.1
825,97,CONTAINS,9127.75,7,0.1
826,41,CONTAINS,8946.37,1,0.0
826,47,CONTAINS,2414.03,7,0.0
826,51,CONTAINS,868.01,6,0.05
826,69,CONTAINS,4067.21,6,0.0
827,5,CONTAINS,5214.03,5,0.15
827,9,CONTAINS,6969.7,19,0.05
827,28,CONTAINS,221.03,10,0.15
827,82,CONTAINS,6794.64,17,0.05
828,53,CONTAINS,2874.91,2,0.0
829,1,CONTAINS,7909.51,1,0.0
829,42,CONTAINS,7771.27,17,0.0
830,51,CONTAINS,911.65,2,0.1
830,59,CONTAINS,5648.85,6,0.1
830,95,CONTAINS,8572.05,8,0.2
831,45,CONTAINS,7391.02,1,0.05
832,19,CONTAINS,7446.93,6,0.2
832,91,CONTAINS,3204.51,13,0.15
832,99,CONTAINS,1707.84,17,0.2
833,11,CONTAINS,4692.06,12,0.15
833,54,CONTAINS,7400.59,13,0.15
833,62,CONTAINS,8128.77,14,0.2
834,56,CONTAINS,262.95,7,0.1
834,68,CONTAINS,3614.09,2,0.0
835,90,CONTAINS,2678.77,13,0.05
836,28,CONTAINS,240.08,7,0.1
836,32,CONTAINS,1845.38,6,0.15
836,37,CONTAINS,10436.28,7,0.05
836,39,CONTAINS,1638.32,7,0.0
837,5,CONTAINS,5073.01,3,0.1
837,98,CONTAINS,2561.8,16,0.05
838,19,CONTAINS,7312.32,20,0.2
839,16,CONTAINS,8847.81,16,0.15
839,56,CONTAINS,274.8,12,0.2
839,68,CONTAINS,3646.8,10,0.0
840,53,CONTAINS,2832.77,11,0.05
840,54,CONTAINS,7629.99,8,0.2
840,69,CONTAINS,3873.36,20,0.2
840,70,CONTAINS,7833.75,4,0.0
840,73,CONTAINS,247.4,20,0.15
841,28,CONTAINS,232.34,3,0.15
842,53,CONTAINS,2909.17,13,0.05
842,64,CONTAINS,5933.99,19,0.2
843,1,CONTAINS,7359.72,3,0.15
843,5,CONTAINS,5093.09,6,0.2
843,16,CONTAINS,8247.23,10,0.15
843,94,CONTAINS,9424.45,11,0.0
844,27,CONTAINS,8327.85,18,0.05
844,41,CONTAINS,9002.51,10,0.0
844,65,CONTAINS,6444.13,1,0.15
844,69,CONTAINS,4084.86,8,0.05
844,99,CONTAINS,1719.15,12,0.15
845,2,CONTAINS,9845.76,6,0.2
845,72,CONTAINS,6180.3,1,0.2
845,97,CONTAINS,9535.64,15,0.05
846,57,CONTAINS,4063.47,16,0.15
846,72,CONTAINS,6089.2,12,0.2
847,12,CONTAINS,9186.14,2,0.15
847,13,CONTAINS,3744.17,8,0.05
847,32,CONTAINS,1828.84,20,0.05
847,52,CONTAINS,5794.66,18,0.0
848,11,CONTAINS,4555.51,9,0.15
848,42,CONTAINS,7506.99,10,0.05
848,48,CONTAINS,823.05,11,0.05
848,87,CONTAINS,3353.49,18,0.15
849,2,CONTAINS,10330.38,3,0.0
849,28,CONTAINS,238.59,5,0.1
850,59,CONTAINS,5506.66,13,0.0
850,63,CONTAINS,9530.35,4,0.2
850,78,CONTAINS,5064.4,18,0.15
851,25,CONTAINS,9743.2,2,0.05
851,56,CONTAINS,269.55,1,0.05
851,66,CONTAINS,9062.0,6,0.1
852,66,CONTAINS,9499.69,10,0.15
852,91,CONTAINS,3042.31,14,0.15
853,44,CONTAINS,7543.67,13,0.05
853,89,CONTAINS,9535.9,12,0.15
854,56,CONTAINS,260.45,2,0.1
855,14,CONTAINS,8338.15,17,0.05
855,50,CONTAINS,9733.76,12,0.0
855,75,CONTAINS,9516.63,4,0.0
855,76,CONTAINS,7486.09,5,0.15
856,13,CONTAINS,3790.07,16,0.15
856,94,CONTAINS,9321.62,19,0.1
857,10,CONTAINS,1839.94,19,0.05
857,56,CONTAINS,251.81,5,0.0
857,79,CONTAINS,10251.77,7,0.05
857,100,CONTAINS,8972.46,2,0.1
858,6,CONTAINS,5278.09,8,0.2
858,72,CONTAINS,6320.57,20,0.1
858,81,CONTAINS,1444.65,13,0.2
858,93,CONTAINS,5831.05,10,0.2
859,18,CONTAINS,5497.27,12,0.05
859,55,CONTAINS,6964.5,3,0.0
859,77,CONTAINS,6877.84,7,0.15
859,85,CONTAINS,1618.7,4,0.2
859,97,CONTAINS,9280.39,8,0.05
860,69,CONTAINS,4033.94,5,0.2
861,16,CONTAINS,8165.04,16,0.0
861,27,CONTAINS,8251.74,7,0.0
861,42,CONTAINS,8054.8,13,0.1
861,65,CONTAINS,6270.16,3,0.2
861,75,CONTAINS,9300.96,14,0.1
862,101,CONTAINS,1626.27,18,0.1
863,19,CONTAINS,7104.49,2,0.0
863,43,CONTAINS,4296.24,3,0.0
863,55,CONTAINS,7063.61,17,0.2
864,69,CONTAINS,4126.32,5,0.05
864,75,CONTAINS,9001.17,15,0.1
864,90,CONTAINS,2660.4,10,0.15
864,93,CONTAINS,5820.9,12,0.2
865,13,CONTAINS,3589.34,13,0.0
865,47,CONTAINS,2310.56,19,0.15
865,64,CONTAINS,5737.66,14,0.2
865,94,CONTAINS,9409.23,19,0.1
866,9,CONTAINS,7041.43,8,0.1
867,21,CONTAINS,2388.79,13,0.15
867,39,CONTAINS,1718.87,3,0.1
867,55,CONTAINS,6950.7,1,0.2
867,78,CONTAINS,5156.45,13,0.2
868,39,CONTAINS,1713.79,7,0.15
868,75,CONTAINS,9329.42,19,0.0
869,1,CONTAINS,7958.22,16,0.0
869,71,CONTAINS,6482.34,13,0.1
869,97,CONTAINS,8901.04,9,0.1
870,71,CONTAINS,6123.3,2,0.05
871,29,CONTAINS,5966.12,16,0.0
871,31,CONTAINS,1418.48,10,0.2
871,32,CONTAINS,1824.79,9,0.2
871,87,CONTAINS,3197.62,10,0.15
872,89,CONTAINS,9315.1,19,0.05
873,19,CONTAINS,7654.67,20,0.0
874,9,CONTAINS,6844.91,14,0.2
874,16,CONTAINS,8792.41,6,0.15
874,54,CONTAINS,7206.32,10,0.15
874,95,CONTAINS,8181.13,16,0.0
875,9,CONTAINS,6733.18,9,0.1
875,34,CONTAINS,7265.46,13,0.1
875,62,CONTAINS,8500.17,12,0.1
876,66,CONTAINS,9310.89,2,0.15
876,67,CONTAINS,1521.89,8,0.1
876,81,CONTAINS,1462.47,6,0.0
877,6,CONTAINS,5638.57,19,0.05
877,37,CONTAINS,9605.46,8,0.0
878,15,CONTAINS,6185.33,15,0.05
879,77,CONTAINS,6778.33,5,0.15
880,73,CONTAINS,247.91,7,0.0
880,82,CONTAINS,6820.56,3,0.05
880,95,CONTAINS,8662.52,16,0.0
881,16,CONTAINS,8849.56,18,0.1
881,55,CONTAINS,6524.21,18,0.05
882,61,CONTAINS,785.32,11,0.0
882,71,CONTAINS,6635.9,20,0.05
882,87,CONTAINS,3354.91,3,0.1
883,10,CONTAINS,1820.19,6,0.2
883,81,CONTAINS,1386.84,9,0.15
883,84,CONTAINS,3967.96,7,0.0
883,97,CONTAINS,8975.19,2,0.2
884,5,CONTAINS,5124.89,6,0.05
885,33,CONTAINS,6142.14,5,0.15
885,50,CONTAINS,9864.21,4,0.05
885,99,CONTAINS,1740.24,20,0.2
886,51,CONTAINS,887.25,7,0.0
886,64,CONTAINS,6022.4,11,0.0
887,23,CONTAINS,8307.66,3,0.05
887,53,CONTAINS,2961.38,5,0.05
887,88,CONTAINS,4417.63,17,0.15
888,51,CONTAINS,872.27,11,0.05
888,69,CONTAINS,4018.65,8,0.05
888,91,CONTAINS,3153.06,13,0.15
889,3,CONTAINS,8625.94,2,0.2
889,6,CONTAINS,5488.87,14,0.0
889,46,CONTAINS,2138.33,4,0.15
889,47,CONTAINS,2290.74,15,0.1
889,71,CONTAINS,6341.84,13,0.0
890,2,CONTAINS,10261.3,12,0.2
890,38,CONTAINS,4484.57,9,0.1
890,88,CONTAINS,4722.99,19,0.15
890,98,CONTAINS,2639.82,1,0.2
891,17,CONTAINS,8299.45,1,0.2
891,23,CONTAINS,8430.92,19,0.05
891,69,CONTAINS,4037.19,7,0.15
892,28,CONTAINS,222.81,17,0.15
892,56,CONTAINS,270.48,4,0.1
892,74,CONTAINS,2328.33,17,0.1
892,88,CONTAINS,4554.57,13,0.2
892,89,CONTAINS,9059.86,11,0.05
893,17,CONTAINS,8427.99,1,0.0
894,8,CONTAINS,8793.71,13,0.15
894,38,CONTAINS,4276.08,18,0.05
894,41,CONTAINS,9544.27,16,0.15
894,46,CONTAINS,2017.14,7,0.2
894,65,CONTAINS,6466.05,18,0.2
895,10,CONTAINS,1858.17,2,0.1
895,92,CONTAINS,9000.22,17,0.2
896,33,CONTAINS,6282.57,1,0.0
897,4,CONTAINS,10041.15,4,0.1
897,9,CONTAINS,6709.51,18,0.0
897,55,CONTAINS,6431.02,11,0.2
897,56,CONTAINS,256.25,12,0.1
897,81,CONTAINS,1381.02,16,0.1
898,60,CONTAINS,2282.68,7,0.05
899,1,CONTAINS,7303.92,13,0.1
899,9,CONTAINS,6706.65,5,0.15
899,16,CONTAINS,8513.48,16,0.2
900,2,CONTAINS,9574.53,13,0.2
900,5,CONTAINS,5022.81,8,0.2
900,38,CONTAINS,4155.66,10,0.05
901,15,CONTAINS,6030.35,10,0.05
901,29,CONTAINS,6170.75,11,0.15
901,101,CONTAINS,1624.96,19,0.0
902,21,CONTAINS,2517.49,4,0.15
902,43,CONTAINS,4334.4,15,0.0
902,52,CONTAINS,5612.13,11,0.2
903,15,CONTAINS,6153.17,16,0.1
903,34,CONTAINS,6890.84,19,0.0
903,76,CONTAINS,7521.24,5,0.15
904,2,CONTAINS,9477.65,13,0.0
904,51,CONTAINS,830.68,13,0.05
904,59,CONTAINS,5343.2,11,0.15
904,66,CONTAINS,9206.46,19,0.0
904,89,CONTAINS,9386.11,2,0.1
905,36,CONTAINS,9166.99,18,0.05
905,79,CONTAINS,9613.95,13,0.05
905,82,CONTAINS,7034.52,6,0.1
905,98,CONTAINS,2625.67,17,0.2
906,38,CONTAINS,4150.79,13,0.1
906,41,CONTAINS,9625.93,9,0.2
907,6,CONTAINS,5284.91,5,0.05
907,63,CONTAINS,9177.92,5,0.2
907,68,CONTAINS,3829.46,11,0.15
907,84,CONTAINS,4172.99,20,0.05
907,86,CONTAINS,8434.62,13,0.15
908,14,CONTAINS,7864.22,6,0.1
908,21,CONTAINS,2465.21,5,0.15
908,41,CONTAINS,9325.23,12,0.15
909,3,CONTAINS,8856.7,2,0.1
909,12,CONTAINS,9626.25,17,0.0
909,53,CONTAINS,2936.22,14,0.15
910,7,CONTAINS,1084.95,18,0.0
910,71,CONTAINS,6656.78,11,0.15
911,18,CONTAINS,5358.99,14,0.0
911,69,CONTAINS,4195.07,8,0.2
912,1,CONTAINS,7687.32,2,0.2
912,6,CONTAINS,5519.86,9,0.1
912,8,CONTAINS,8930.01,18,0.1
912,34,CONTAINS,7360.74,4,0.1
912,72,CONTAINS,5965.37,14,0.2
913,9,CONTAINS,6649.04,3,0.15
913,16,CONTAINS,8546.89,10,0.05
913,33,CONTAINS,6310.09,12,0.1
913,57,CONTAINS,3954.51,12,0.0
913,74,CONTAINS,2245.15,10,0.05
914,6,CONTAINS,5338.18,4,0.05
915,14,CONTAINS,7999.53,12,0.1
915,64,CONTAINS,6256.48,1,0.2
916,18,CONTAINS,5430.47,6,0.2
916,101,CONTAINS,1656.82,11,0.05
917,57,CONTAINS,4117.22,7,0.1
918,7,CONTAINS,1084.5,3,0.1
918,47,CONTAINS,2329.55,19,0.15
918,48,CONTAINS,832.48,11,0.05
919,46,CONTAINS,2133.89,16,0.15
919,89,CONTAINS,9311.85,19,0.1
920,50,CONTAINS,10165.85,20,0.1
921,41,CONTAINS,9570.96,2,0.0
922,67,CONTAINS,1463.85,8,0.05
922,72,CONTAINS,6007.76,2,0.05
923,33,CONTAINS,6251.18,2,0.2
924,9,CONTAINS,6654.44,6,0.0
925,47,CONTAINS,2386.5,3,0.05
926,48,CONTAINS,846.44,9,0.1
927,74,CONTAINS,2195.02,1,0.15
928,31,CONTAINS,1412.77,7,0.0
928,79,CONTAINS,10042.84,1,0.15
929,7,CONTAINS,1096.02,13,0.2
929,12,CONTAINS,8996.16,1,0.15
929,40,CONTAINS,6558.24,12,0.15
929,61,CONTAINS,750.81,7,0.15
929,78,CONTAINS,4870.37,16,0.15
930,15,CONTAINS,6160.13,18,0.05
930,26,CONTAINS,8254.26,20,0.05
930,47,CONTAINS,2301.2,17,0.05
930,51,CONTAINS,838.65,6,0.05
930,55,CONTAINS,7050.47,18,0.05
931,4,CONTAINS,10414.82,12,0.15
931,13,CONTAINS,3758.6,7,0.1
931,47,CONTAINS,2292.31,7,0.2
931,56,CONTAINS,266.78,19,0.05
932,1,CONTAINS,7437.87,7,0.0
932,42,CONTAINS,8206.15,5,0.2
932,52,CONTAINS,5757.0,17,0.2
932,90,CONTAINS,2605.19,5,0.2
933,23,CONTAINS,8085.0,3,0.0
933,28,CONTAINS,223.87,5,0.05
933,32,CONTAINS,1732.87,18,0.0
933,51,CONTAINS,867.15,10,0.05
934,13,CONTAINS,3624.03,18,0.2
934,22,CONTAINS,7583.65,20,0.2
934,54,CONTAINS,7641.96,14,0.1
934,98,CONTAINS,2668.37,15,0.15
935,92,CONTAINS,8626.88,14,0.15
936,57,CONTAINS,4013.06,8,0.15
936,87,CONTAINS,3194.82,12,0.15
937,63,CONTAINS,9431.37,4,0.1
937,72,CONTAINS,6154.55,20,0.2
937,98,CONTAINS,2778.96,14,0.1
938,2,CONTAINS,9770.77,19,0.0
938,5,CONTAINS,4990.08,6,0.1
938,77,CONTAINS,7256.31,18,0.2
938,94,CONTAINS,9135.02,18,0.05
939,1,CONTAINS,7354.62,12,0.05
939,38,CONTAINS,4484.8,13,0.05
939,47,CONTAINS,2373.61,11,0.2
939,79,CONTAINS,10220.63,13,0.0
940,4,CONTAINS,9955.26,7,0.0
940,12,CONTAINS,9255.58,8,0.1
941,37,CONTAINS,9601.56,1,0.1
942,43,CONTAINS,4017.75,15,0.05
942,93,CONTAINS,5707.19,14,0.0
943,74,CONTAINS,2348.95,2,0.05
943,84,CONTAINS,3913.9,17,0.05
944,70,CONTAINS,7504.67,19,0.05
944,97,CONTAINS,9286.89,15,0.15
945,22,CONTAINS,7813.88,8,0.2
946,2,CONTAINS,9583.36,15,0.15
946,18,CONTAINS,5432.9,18,0.0
946,65,CONTAINS,6512.62,18,0.05
946,88,CONTAINS,4636.32,9,0.15
947,40,CONTAINS,6484.38,13,0.05
948,63,CONTAINS,8833.04,5,0.2
948,88,CONTAINS,4700.01,13,0.05
949,27,CONTAINS,7874.76,3,0.05
950,16,CONTAINS,8623.23,16,0.2
950,26,CONTAINS,7899.73,5,0.0
950,37,CONTAINS,10232.78,12,0.2
950,45,CONTAINS,7291.52,13,0.0
950,78,CONTAINS,5249.12,11,0.2
951,95,CONTAINS,8474.57,10,0.15
952,98,CONTAINS,2553.09,1,0.2
953,15,CONTAINS,6191.77,2,0.15
953,57,CONTAINS,4077.16,18,0.0
953,100,CONTAINS,8454.75,15,0.15
954,6,CONTAINS,5495.31,17,0.15
954,59,CONTAINS,5557.87,18,0.2
955,11,CONTAINS,4816.96,7,0.1
955,65,CONTAINS,6344.31,7,0.05
955,73,CONTAINS,269.82,17,0.2
956,29,CONTAINS,5977.1,11,0.0
956,50,CONTAINS,9619.13,4,0.0
957,61,CONTAINS,742.97,3,0.0
957,93,CONTAINS,5528.18,12,0.15
957,99,CONTAINS,1724.27,19,0.05
958,50,CONTAINS,9541.09,6,0.1
958,96,CONTAINS,8463.51,5,0.2
959,23,CONTAINS,8577.11,16,0.15
959,60,CONTAINS,2236.29,7,0.15
960,61,CONTAINS,768.86,20,0.2
960,62,CONTAINS,8411.49,13,0.15
960,93,CONTAINS,5690.57,1,0.15
961,39,CONTAINS,1626.2,5,0.05
961,71,CONTAINS,6179.49,14,0.05
961,72,CONTAINS,6144.02,10,0.1
961,78,CONTAINS,5299.24,3,0.05
961,96,CONTAINS,8531.67,20,0.05
962,6,CONTAINS,5634.29,5,0.0
963,7,CONTAINS,1117.75,14,0.2
963,8,CONTAINS,8835.0,16,0.0
963,35,CONTAINS,3266.57,9,0.0
963,47,CONTAINS,2449.41,19,0.1
963,74,CONTAINS,2178.89,6,0.2
964,13,CONTAINS,3702.37,1,0.15
964,54,CONTAINS,7475.11,3,0.0
964,60,CONTAINS,2152.45,7,0.1
964,67,CONTAINS,1521.03,4,0.05
964,74,CONTAINS,2375.42,15,0.0
965,16,CONTAINS,8244.84,14,0.1
965,27,CONTAINS,8092.89,5,0.05
965,28,CONTAINS,234.14,7,0.15
965,76,CONTAINS,7537.66,12,0.1
965,92,CONTAINS,8962.88,10,0.2
966,1,CONTAINS,7796.47,14,0.1
966,9,CONTAINS,6793.74,12,0.05
966,33,CONTAINS,6227.79,10,0.15
966,46,CONTAINS,2037.5,7,0.1
966,87,CONTAINS,3279.09,2,0.05
967,85,CONTAINS,1575.28,10,0.05
968,5,CONTAINS,4922.55,2,0.0
968,40,CONTAINS,6497.56,10,0.05
968,44,CONTAINS,7557.48,6,0.0
968,66,CONTAINS,9396.11,16,0.0
969,8,CONTAINS,9288.9,14,0.2
969,18,CONTAINS,5448.28,1,0.05
969,56,CONTAINS,276.1,3,0.2
969,69,CONTAINS,4067.36,16,0.2
970,38,CONTAINS,4201.61,3,0.2
970,64,CONTAINS,6286.06,5,0.0
971,75,CONTAINS,9125.42,11,0.15
971,77,CONTAINS,7308.44,18,0.05
971,95,CONTAINS,8368.05,7,0.15
972,29,CONTAINS,6344.27,9,0.1
972,38,CONTAINS,4482.59,9,0.15
972,41,CONTAINS,9480.45,3,0.0
972,74,CONTAINS,2276.84,7,0.1
973,59,CONTAINS,5433.27,12,0.2
973,71,CONTAINS,6527.57,13,0.05
973,84,CONTAINS,4061.05,1,0.0
973,92,CONTAINS,9367.03,12,0.1
974,96,CONTAINS,9254.31,2,0.15
975,19,CONTAINS,7230.36,7,0.1
975,33,CONTAINS,6278.38,17,0.0
975,51,CONTAINS,902.19,11,0.1
975,57,CONTAINS,4151.47,14,0.05
975,64,CONTAINS,6270.13,19,0.0
976,33,CONTAINS,5908.79,10,0.1
976,78,CONTAINS,4957.5,17,0.15
977,3,CONTAINS,8772.29,17,0.05
977,42,CONTAINS,7574.4,13,0.0
977,57,CONTAINS,4238.1,5,0.0
977,92,CONTAINS,9257.79,19,0.2
978,101,CONTAINS,1725.7,15,0.2
979,64,CONTAINS,5744.5,15,0.1
980,2,CONTAINS,10358.3,6,0.15
980,31,CONTAINS,1404.6,3,0.05
980,70,CONTAINS,7907.85,4,0.0
980,84,CONTAINS,3988.04,13,0.2
980,92,CONTAINS,8908.92,9,0.0
981,23,CONTAINS,8876.79,2,0.2
981,35,CONTAINS,3124.1,3,0.2
981,40,CONTAINS,6471.47,17,0.1
981,52,CONTAINS,5858.04,12,0.0
982,31,CONTAINS,1399.25,14,0.05
983,15,CONTAINS,6329.88,19,0.05
983,79,CONTAINS,9407.37,15,0.15
983,82,CONTAINS,7088.3,6,0.2
983,99,CONTAINS,1739.53,7,0.2
984,31,CONTAINS,1323.67,1,0.2
984,61,CONTAINS,729.98,6,0.1
985,5,CONTAINS,5225.22,16,0.0
985,52,CONTAINS,5917.57,11,0.15
985,64,CONTAINS,5847.23,11,0.1
986,14,CONTAINS,7860.45,6,0.05
986,50,CONTAINS,9514.27,14,0.2
986,99,CONTAINS,1611.68,20,0.2
987,88,CONTAINS,4328.46,11,0.1
988,16,CONTAINS,8431.85,3,0.1
988,69,CONTAINS,4064.4,8,0.05
988,70,CONTAINS,8045.26,2,0.0
988,86,CONTAINS,7990.89,8,0.1
988,89,CONTAINS,9447.14,2,0.05
989,11,CONTAINS,4747.0,20,0.1
989,50,CONTAINS,9444.66,15,0.2
989,92,CONTAINS,9097.66,14,0.05
990,11,CONTAINS,4839.63,20,0.1
990,26,CONTAINS,7758.31,5,0.05
990,56,CONTAINS,257.24,16,0.05
990,62,CONTAINS,8476.83,2,0.05
990,100,CONTAINS,8686.4,5,0.1
991,11,CONTAINS,4647.34,4,0.1
991,25,CONTAINS,9309.74,18,0.15
992,66,CONTAINS,9447.73,7,0.1
993,11,CONTAINS,4450.97,7,0.15
993,97,CONTAINS,9377.32,9,0.15
994,23,CONTAINS,8486.02,17,0.05
994,32,CONTAINS,1712.87,4,0.1
994,35,CONTAINS,3317.04,8,0.1
994,63,CONTAINS,8745.37,18,0.2
995,39,CONTAINS,1721.98,8,0.1
996,12,CONTAINS,9006.93,18,0.0
997,19,CONTAINS,7205.19,20,0.15
997,41,CONTAINS,9212.93,7,0.05
997,68,CONTAINS,3672.35,18,0.2
997,69,CONTAINS,3934.04,13,0.05
998,62,CONTAINS,8150.73,18,0.15
